{"properties":{"connectionReferences":{"shared_powerappsforadmins":{"runtimeSource":"embedded","connection":{"connectionReferenceLogicalName":"new_sharedpowerappsforadmins_8bdf3"},"api":{"name":"shared_powerappsforadmins"}},"shared_commondataserviceforapps":{"runtimeSource":"embedded","connection":{"connectionReferenceLogicalName":"new_sharedcommondataserviceforapps_c936e"},"api":{"name":"shared_commondataserviceforapps"}}},"definition":{"$schema":"https://schema.management.azure.com/providers/Microsoft.Logic/schemas/2016-06-01/workflowdefinition.json#","contentVersion":"1.0.0.0","parameters":{"$connections":{"defaultValue":{},"type":"Object"},"$authentication":{"defaultValue":{},"type":"SecureObject"}},"triggers":{"Recurrence":{"recurrence":{"frequency":"Month","interval":1},"type":"Recurrence"}},"actions":{"Get_Apps_as_Admin":{"runAfter":{"Initialize_variable_-_strDefaultEnvironment":["Succeeded"]},"type":"OpenApiConnection","inputs":{"host":{"connectionName":"shared_powerappsforadmins","operationId":"Get-AdminApps","apiId":"/providers/Microsoft.PowerApps/apis/shared_powerappsforadmins"},"parameters":{"environment":"@variables('strDefaultEnvironment')","api-version":"2016-11-01","$top":250},"authentication":"@parameters('$authentication')"}},"Initialize_variable_-_strDefaultEnvironment":{"runAfter":{},"type":"InitializeVariable","inputs":{"variables":[{"name":"strDefaultEnvironment","type":"string","value":"Default-710d0104-d95c-4675-8d0b-00543cd2d6a1"}]}},"Apply_to_each_-_App":{"foreach":"@outputs('Get_Apps_as_Admin')?['body/value']","actions":{"Compose_-_Is_app_description_empty":{"runAfter":{},"type":"Compose","inputs":"@empty(items('Apply_to_each_-_App')?['properties/description'])\r\n"},"Condition_-_checking_if_app_description_is_true_or_false":{"actions":{"Classify_text_into_categories_with_one_of_your_custom_models_-_app_displayname":{"runAfter":{},"type":"OpenApiConnection","inputs":{"host":{"connectionName":"shared_commondataserviceforapps","operationId":"aibuilderpredict_textclassification","apiId":"/providers/Microsoft.PowerApps/apis/shared_commondataserviceforapps"},"parameters":{"recordId":"3ab9a963-4b3f-40a3-8d20-f93a8b565cb0","item/requestv2/text":"@items('Apply_to_each_-_App')?['properties/displayName']","item/requestv2/language":"Detect automatically"},"authentication":"@parameters('$authentication')"}},"Apply_to_each":{"foreach":"@outputs('Classify_text_into_categories_with_one_of_your_custom_models_-_app_displayname')?['body/responsev2/predictionOutput/results']","actions":{"Condition":{"actions":{"Add_a_new_row_-_using_app_displayName":{"runAfter":{},"type":"OpenApiConnection","inputs":{"host":{"connectionName":"shared_commondataserviceforapps","operationId":"CreateRecord","apiId":"/providers/Microsoft.PowerApps/apis/shared_commondataserviceforapps"},"parameters":{"entityName":"new_categorisations","item/new_appname":"@items('Apply_to_each_-_App')?['name']","item/new_aiclassification":"@items('Apply_to_each')?['type']","item/new_categorisedproperty":"DisplayName"},"authentication":"@parameters('$authentication')"}}},"runAfter":{},"expression":{"greater":["@items('Apply_to_each')?['score']",70]},"type":"If"}},"runAfter":{"Classify_text_into_categories_with_one_of_your_custom_models_-_app_displayname":["Succeeded"]},"type":"Foreach"}},"runAfter":{"Compose_-_Is_app_description_empty":["Succeeded"]},"else":{"actions":{"Classify_text_into_categories_with_one_of_your_custom_models_-_description":{"runAfter":{},"type":"OpenApiConnection","inputs":{"host":{"connectionName":"shared_commondataserviceforapps","operationId":"aibuilderpredict_textclassification","apiId":"/providers/Microsoft.PowerApps/apis/shared_commondataserviceforapps"},"parameters":{"recordId":"3ab9a963-4b3f-40a3-8d20-f93a8b565cb0","item/requestv2/text":"@items('Apply_to_each_-_App')?['properties/description']","item/requestv2/language":"Detect automatically"},"authentication":"@parameters('$authentication')"}},"Apply_to_each_2":{"foreach":"@outputs('Classify_text_into_categories_with_one_of_your_custom_models_-_description')?['body/responsev2/predictionOutput/results']","actions":{"Add_a_new_row":{"runAfter":{},"type":"OpenApiConnection","inputs":{"host":{"connectionName":"shared_commondataserviceforapps","operationId":"CreateRecord","apiId":"/providers/Microsoft.PowerApps/apis/shared_commondataserviceforapps"},"parameters":{"entityName":"new_categorisations","item/new_appname":"@items('Apply_to_each_-_App')?['name']","item/new_aiclassification":"@items('Apply_to_each_2')?['type']","item/new_categorisedproperty":"Description","item/new_environmentid":"@items('Apply_to_each_-_App')?['properties/environment/name']"},"authentication":"@parameters('$authentication')"}}},"runAfter":{"Classify_text_into_categories_with_one_of_your_custom_models_-_description":["Succeeded"]},"type":"Foreach"}}},"expression":{"equals":["@outputs('Compose_-_Is_app_description_empty')",true]},"type":"If"}},"runAfter":{"Get_Apps_as_Admin":["Succeeded"]},"type":"Foreach"}},"outputs":{}}},"schemaVersion":"1.0.0.0"}