{"properties":{"connectionReferences":{"shared_excelonlinebusiness":{"runtimeSource":"invoker","connection":{},"api":{"name":"shared_excelonlinebusiness"}},"shared_commondataserviceforapps":{"runtimeSource":"embedded","connection":{},"api":{"name":"shared_commondataserviceforapps"}}},"definition":{"$schema":"https://schema.management.azure.com/providers/Microsoft.Logic/schemas/2016-06-01/workflowdefinition.json#","contentVersion":"1.0.0.0","parameters":{"$connections":{"defaultValue":{},"type":"Object"},"$authentication":{"defaultValue":{},"type":"SecureObject"}},"triggers":{"manual":{"type":"Request","kind":"Button","inputs":{"schema":{"type":"object","properties":{},"required":[]}}}},"actions":{"List_rows_present_in_a_table_-_Course_Table":{"runAfter":{},"metadata":{"0164HP4HQN6UER3TJHYNHLRKSIR2ELELQJ":"/ChampifyData.xlsx","tableId":"{B1F91DFA-94C0-4DD8-B2F5-80AC4AA3C529}"},"type":"OpenApiConnection","inputs":{"host":{"connectionName":"shared_excelonlinebusiness","operationId":"GetItems","apiId":"/providers/Microsoft.PowerApps/apis/shared_excelonlinebusiness"},"parameters":{"source":"groups/c41f673f-7b69-4de2-932b-687656070fee","drive":"b!06UjVPF-tkC5B1NHV9fjsKbjkoR2p_pOsQ4JQZwRNAYyfayeHS_pRo4PDuKTHlRG","file":"0164HP4HQN6UER3TJHYNHLRKSIR2ELELQJ","table":"{B1F91DFA-94C0-4DD8-B2F5-80AC4AA3C529}"},"authentication":{"type":"Raw","value":"@json(decodeBase64(triggerOutputs().headers['X-MS-APIM-Tokens']))['$ConnectionKey']"}}},"List_rows_present_in_a_table_-_Course_Content_Table":{"runAfter":{},"metadata":{"0164HP4HQN6UER3TJHYNHLRKSIR2ELELQJ":"/ChampifyData.xlsx","tableId":"{F7369FD9-E90A-4C8F-A405-B0276B1FA93D}"},"type":"OpenApiConnection","inputs":{"host":{"connectionName":"shared_excelonlinebusiness","operationId":"GetItems","apiId":"/providers/Microsoft.PowerApps/apis/shared_excelonlinebusiness"},"parameters":{"source":"groups/c41f673f-7b69-4de2-932b-687656070fee","drive":"b!06UjVPF-tkC5B1NHV9fjsKbjkoR2p_pOsQ4JQZwRNAYyfayeHS_pRo4PDuKTHlRG","file":"0164HP4HQN6UER3TJHYNHLRKSIR2ELELQJ","table":"{F7369FD9-E90A-4C8F-A405-B0276B1FA93D}"},"authentication":{"type":"Raw","value":"@json(decodeBase64(triggerOutputs().headers['X-MS-APIM-Tokens']))['$ConnectionKey']"}}},"Apply_to_each":{"foreach":"@outputs('List_rows_present_in_a_table_-_Course_Table')?['body/value']","actions":{"Create_a_new_record_-_Course_creation":{"runAfter":{},"type":"OpenApiConnection","inputs":{"host":{"connectionName":"shared_commondataserviceforapps","operationId":"CreateRecord","apiId":"/providers/Microsoft.PowerApps/apis/shared_commondataserviceforapps"},"parameters":{"entityName":"crf70_courses","item/crf70_coursecode":"@items('Apply_to_each')?['CourseCode']","item/crf70_coursetitle":"@items('Apply_to_each')?['CourseTitle']","item/crf70_coursedescription":"@items('Apply_to_each')?['CourseDescription']","item/crf70_courselevel":"@items('Apply_to_each')?['CourseLevel']","item/crf70_coursetechnology":"@items('Apply_to_each')?['CourseTechnology']"},"authentication":{"type":"Raw","value":"@json(decodeBase64(triggerOutputs().headers['X-MS-APIM-Tokens']))['$ConnectionKey']"}}}},"runAfter":{"List_rows_present_in_a_table_-_Course_Table":["Succeeded"]},"type":"Foreach"},"Apply_to_each_2":{"foreach":"@outputs('List_rows_present_in_a_table_-_Course_Content_Table')?['body/value']","actions":{"Create_a_new_record_-_Course_content_creation":{"runAfter":{},"type":"OpenApiConnection","inputs":{"host":{"connectionName":"shared_commondataserviceforapps","operationId":"CreateRecord","apiId":"/providers/Microsoft.PowerApps/apis/shared_commondataserviceforapps"},"parameters":{"entityName":"crf70_coursecontents","item/crf70_title":"@items('Apply_to_each_2')?['Title']","item/crf70_coursecode":"@items('Apply_to_each_2')?['CourseCode']","item/crf70_videoduration":"@items('Apply_to_each_2')?['VideoDuration']","item/crf70_youtubethumbnailcode":"@items('Apply_to_each_2')?['YouTubeThumbnailCode']","item/crf70_youtubeurl":"@items('Apply_to_each_2')?['YouTubeUrl']"},"authentication":{"type":"Raw","value":"@json(decodeBase64(triggerOutputs().headers['X-MS-APIM-Tokens']))['$ConnectionKey']"}}}},"runAfter":{"List_rows_present_in_a_table_-_Course_Content_Table":["Succeeded"]},"type":"Foreach"}},"outputs":{}}},"schemaVersion":"1.0.0.0"}