{"properties":{"connectionReferences":{"shared_office365users":{"runtimeSource":"embedded","connection":{},"api":{"name":"shared_office365users"}},"shared_commondataserviceforapps":{"runtimeSource":"embedded","connection":{},"api":{"name":"shared_commondataserviceforapps"}}},"definition":{"$schema":"https://schema.management.azure.com/providers/Microsoft.Logic/schemas/2016-06-01/workflowdefinition.json#","contentVersion":"1.0.0.0","parameters":{"$connections":{"defaultValue":{},"type":"Object"},"$authentication":{"defaultValue":{},"type":"SecureObject"}},"triggers":{"manual":{"type":"Request","kind":"VirtualAgent","inputs":{"schema":{"type":"object","properties":{"text":{"title":"userId","type":"string","x-ms-dynamically-added":true,"description":"Please enter your input","x-ms-content-hint":"TEXT"},"text_1":{"title":"technology","type":"string","x-ms-dynamically-added":true,"description":"Please enter your input","x-ms-content-hint":"TEXT"}},"required":["text","text_1"]}}}},"actions":{"Get_user_profile_(V2)_-_user_requesting_help":{"runAfter":{"Initialize_variable_-_Match_type":["Succeeded"]},"type":"OpenApiConnection","inputs":{"host":{"connectionName":"shared_office365users","operationId":"UserProfile_V2","apiId":"/providers/Microsoft.PowerApps/apis/shared_office365users"},"parameters":{"id":"@triggerBody()['text']"},"authentication":"@parameters('$authentication')"}},"List_records_-_Champs_entity":{"runAfter":{"Get_user_profile_(V2)_-_user_requesting_help":["Succeeded"]},"type":"OpenApiConnection","inputs":{"host":{"connectionName":"shared_commondataserviceforapps","operationId":"ListRecords","apiId":"/providers/Microsoft.PowerApps/apis/shared_commondataserviceforapps"},"parameters":{"entityName":"crf70_champses"},"authentication":"@parameters('$authentication')"}},"Initialize_variable_-_Champ_display_name":{"runAfter":{"Initialize_variable_-_matchCount":["Succeeded"]},"type":"InitializeVariable","inputs":{"variables":[{"name":"champDisplayName","type":"string"}]}},"Return_value(s)_to_Power_Virtual_Agents":{"runAfter":{"Do_until_-_matchCount_equals_1":["Succeeded"]},"type":"Response","kind":"VirtualAgent","inputs":{"statusCode":200,"body":{"champid":"@variables('champId')","champdisplayname":"@variables('champDisplayName')","matchtype":"@variables('MatchType')"},"schema":{"type":"object","properties":{"champid":{"title":"champId","x-ms-dynamically-added":true,"type":"string"},"champdisplayname":{"title":"champDisplayName","x-ms-dynamically-added":true,"type":"string"},"matchtype":{"title":"matchType","x-ms-dynamically-added":true,"type":"string"}}}}},"Initialize_variable_-_Champ_ID":{"runAfter":{"Initialize_variable_-_Champ_display_name":["Succeeded"]},"type":"InitializeVariable","inputs":{"variables":[{"name":"champId","type":"string"}]}},"Initialize_variable_-_Match_type":{"runAfter":{"Initialize_variable_-_Champ_ID":["Succeeded"]},"type":"InitializeVariable","inputs":{"variables":[{"name":"MatchType","type":"string"}]}},"Initialize_variable_-_matchCount":{"runAfter":{},"type":"InitializeVariable","inputs":{"variables":[{"name":"matchCount","type":"integer","value":0}]}},"Do_until_-_matchCount_equals_1":{"actions":{"Apply_to_each":{"foreach":"@outputs('List_records_-_Champs_entity')?['body/value']","actions":{"Get_user_profile_(V2)_-_Get_champ":{"runAfter":{},"type":"OpenApiConnection","inputs":{"host":{"connectionName":"shared_office365users","operationId":"UserProfile_V2","apiId":"/providers/Microsoft.PowerApps/apis/shared_office365users"},"parameters":{"id":"@items('Apply_to_each')?['crf70_name']"},"authentication":"@parameters('$authentication')"}},"Condition_-_Department_match":{"actions":{"Append_-_Department_match_champId":{"runAfter":{},"type":"AppendToStringVariable","inputs":{"name":"champId","value":"@outputs('Get_user_profile_(V2)_-_Get_champ')?['body/id']"}},"Append_-_Department_match_displayName":{"runAfter":{"Append_-_Department_match_champId":["Succeeded"]},"type":"AppendToStringVariable","inputs":{"name":"champDisplayName","value":"@outputs('Get_user_profile_(V2)_-_Get_champ')?['body/displayName']"}},"Append_-_Department_match_MatchType":{"runAfter":{"Append_-_Department_match_displayName":["Succeeded"]},"type":"AppendToStringVariable","inputs":{"name":"MatchType","value":"Department"}},"Set_-_MatchCount_department_match_1":{"runAfter":{"Append_-_Department_match_MatchType":["Succeeded"]},"type":"SetVariable","inputs":{"name":"matchCount","value":1}}},"runAfter":{"Get_user_profile_(V2)_-_Get_champ":["Succeeded"]},"else":{"actions":{"Condition_-_City_match":{"actions":{"Append_-_City_match_champId":{"runAfter":{},"type":"AppendToStringVariable","inputs":{"name":"champId","value":"@outputs('Get_user_profile_(V2)_-_Get_champ')?['body/id']"}},"Append_-_City_match_displayName":{"runAfter":{"Append_-_City_match_champId":["Succeeded"]},"type":"AppendToStringVariable","inputs":{"name":"champDisplayName","value":"@outputs('Get_user_profile_(V2)_-_Get_champ')?['body/displayName']"}},"Set_-_MatchCount_city_match_1":{"runAfter":{"Append_-_City_match_MatchType":["Succeeded"]},"type":"SetVariable","inputs":{"name":"matchCount","value":1}},"Append_-_City_match_MatchType":{"runAfter":{"Append_-_City_match_displayName":["Succeeded"]},"type":"AppendToStringVariable","inputs":{"name":"MatchType","value":"City"}}},"runAfter":{},"else":{"actions":{"Condition_-_Country_match":{"actions":{"Append_-_Country_match_champId":{"runAfter":{},"type":"AppendToStringVariable","inputs":{"name":"champId","value":"@outputs('Get_user_profile_(V2)_-_Get_champ')?['body/id']"}},"Append_-_Country_match_displayName":{"runAfter":{"Append_-_Country_match_champId":["Succeeded"]},"type":"AppendToStringVariable","inputs":{"name":"champDisplayName","value":"@outputs('Get_user_profile_(V2)_-_Get_champ')?['body/displayName']"}},"Append_-_Country_match_MatchType":{"runAfter":{"Append_-_Country_match_displayName":["Succeeded"]},"type":"AppendToStringVariable","inputs":{"name":"MatchType","value":"Country"}},"Set_-_MatchCount_country_match_1":{"runAfter":{"Append_-_Country_match_MatchType":["Succeeded"]},"type":"SetVariable","inputs":{"name":"MatchType","value":"1"}}},"runAfter":{},"expression":{"equals":["@outputs('Get_user_profile_(V2)_-_Get_champ')?['body/country']","@outputs('Get_user_profile_(V2)_-_user_requesting_help')?['body/country']"]},"type":"If"}}},"expression":{"equals":["@outputs('Get_user_profile_(V2)_-_Get_champ')?['body/city']","@outputs('Get_user_profile_(V2)_-_user_requesting_help')?['body/city']"]},"type":"If"}}},"expression":{"equals":["@outputs('Get_user_profile_(V2)_-_Get_champ')?['body/department']","@outputs('Get_user_profile_(V2)_-_user_requesting_help')?['body/department']"]},"type":"If"}},"runAfter":{},"type":"Foreach","runtimeConfiguration":{"concurrency":{"repetitions":1}}}},"runAfter":{"List_records_-_Champs_entity":["Succeeded"]},"expression":"@equals(variables('matchCount'), 1)","limit":{"count":60,"timeout":"PT1H"},"type":"Until"}},"outputs":{}}},"schemaVersion":"1.0.0.0"}