{"properties":{"connectionReferences":{"shared_azuread":{"runtimeSource":"embedded","connection":{"connectionReferenceLogicalName":"crf70_sharedazuread_a10f1"},"api":{"name":"shared_azuread"}}},"definition":{"$schema":"https://schema.management.azure.com/providers/Microsoft.Logic/schemas/2016-06-01/workflowdefinition.json#","contentVersion":"1.0.0.0","parameters":{"$connections":{"defaultValue":{},"type":"Object"},"$authentication":{"defaultValue":{},"type":"SecureObject"}},"triggers":{"manual":{"type":"Request","kind":"VirtualAgent","inputs":{"schema":{"type":"object","properties":{"text":{"title":"UserId","type":"string","x-ms-dynamically-added":true,"description":"Please enter your input","x-ms-content-hint":"TEXT"},"text_1":{"title":"AppTitle","type":"string","x-ms-dynamically-added":true,"description":"Please enter your input","x-ms-content-hint":"TEXT"},"text_2":{"title":"AppDescription","type":"string","x-ms-dynamically-added":true,"description":"Please enter your input","x-ms-content-hint":"TEXT"},"text_3":{"title":"AppBusJustification","type":"string","x-ms-dynamically-added":true,"description":"Please enter your input","x-ms-content-hint":"TEXT"}},"required":["text","text_1","text_2","text_3"]}}}},"actions":{"Add_user_to_group":{"runAfter":{},"type":"OpenApiConnection","inputs":{"host":{"connectionName":"shared_azuread","operationId":"AddUserToGroup","apiId":"/providers/Microsoft.PowerApps/apis/shared_azuread"},"parameters":{"id":"c76671be-c930-4f31-801e-73a2982d8c19","body/@odata.id":"@triggerBody()['text']"},"authentication":"@parameters('$authentication')"}},"Return_value(s)_to_Power_Virtual_Agents":{"runAfter":{"Add_user_to_group":["Succeeded"]},"type":"Response","kind":"VirtualAgent","inputs":{"statusCode":200,"body":{"result":"1"},"schema":{"type":"object","properties":{"result":{"title":"Result","x-ms-dynamically-added":true,"type":"string"}}}}},"Return_value(s)_to_Power_Virtual_Agents_2":{"runAfter":{"Add_user_to_group":["Failed","TimedOut"]},"type":"Response","kind":"VirtualAgent","inputs":{"statusCode":200,"body":{"result":"0"},"schema":{"type":"object","properties":{"result":{"title":"Result","x-ms-dynamically-added":true,"type":"string"}}}}}},"outputs":{}}},"schemaVersion":"1.0.0.0"}