{"properties":{"connectionReferences":{"shared_powerplatformforadmins":{"runtimeSource":"embedded","connection":{"connectionReferenceLogicalName":"crf70_sharedpowerplatformforadmins_ef476"},"api":{"name":"shared_powerplatformforadmins"}}},"definition":{"$schema":"https://schema.management.azure.com/providers/Microsoft.Logic/schemas/2016-06-01/workflowdefinition.json#","contentVersion":"1.0.0.0","parameters":{"$connections":{"defaultValue":{},"type":"Object"},"$authentication":{"defaultValue":{},"type":"SecureObject"}},"triggers":{"manual":{"type":"Request","kind":"VirtualAgent","inputs":{"schema":{"type":"object","properties":{"text":{"title":"AppName","type":"string","x-ms-dynamically-added":true,"description":"Please enter your input","x-ms-content-hint":"TEXT"}},"required":["text"]}}}},"actions":{"Create_Environment":{"runAfter":{},"type":"OpenApiConnection","inputs":{"host":{"connectionName":"shared_powerplatformforadmins","operationId":"NewAdminEnvironment","apiId":"/providers/Microsoft.PowerApps/apis/shared_powerplatformforadmins"},"parameters":{"api-version":"2020-05-01","body/location":"europe","body/properties/displayName":"@triggerBody()['text']","body/properties/environmentSku":"Trial"},"authentication":"@parameters('$authentication')"}},"Return_value(s)_to_Power_Virtual_Agents":{"runAfter":{"Get_Environment_as_Admin":["Succeeded"]},"type":"Response","kind":"VirtualAgent","inputs":{"statusCode":200,"body":{"returnvalue":"https://make.powerapps.com/environments/@{outputs('Get_Environment_as_Admin')?['body/id']}"},"schema":{"type":"object","properties":{"returnvalue":{"title":"ReturnValue","x-ms-dynamically-added":true,"type":"string"}}}}},"Get_Environment_as_Admin":{"runAfter":{"Create_Environment":["Succeeded"]},"type":"OpenApiConnection","inputs":{"host":{"connectionName":"shared_powerplatformforadmins","operationId":"GetSingleEnvironment","apiId":"/providers/Microsoft.PowerApps/apis/shared_powerplatformforadmins"},"parameters":{"environment":"@outputs('Create_Environment')?['body/id']","api-version":"2018-10-01"},"authentication":"@parameters('$authentication')"}}},"outputs":{}}},"schemaVersion":"1.0.0.0"}