{"properties":{"connectionReferences":{"shared_commondataserviceforapps":{"runtimeSource":"embedded","connection":{"connectionReferenceLogicalName":"new_sharedcommondataserviceforapps_c936e"},"api":{"name":"shared_commondataserviceforapps"}},"shared_teams":{"runtimeSource":"embedded","connection":{"connectionReferenceLogicalName":"crf70_sharedteams_19385"},"api":{"name":"shared_teams"}},"shared_office365users":{"runtimeSource":"embedded","connection":{"connectionReferenceLogicalName":"crf70_sharedoffice365users_ec1ba"},"api":{"name":"shared_office365users"}}},"definition":{"$schema":"https://schema.management.azure.com/providers/Microsoft.Logic/schemas/2016-06-01/workflowdefinition.json#","contentVersion":"1.0.0.0","parameters":{"$connections":{"defaultValue":{},"type":"Object"},"$authentication":{"defaultValue":{},"type":"SecureObject"}},"triggers":{"manual":{"type":"Request","kind":"VirtualAgent","inputs":{"schema":{"type":"object","properties":{"text":{"title":"UserId","type":"string","x-ms-dynamically-added":true,"description":"Please enter your input","x-ms-content-hint":"TEXT"},"text_1":{"title":"SolutionName","type":"string","x-ms-dynamically-added":true,"description":"Please enter your input","x-ms-content-hint":"TEXT"},"text_2":{"title":"CostCentre","type":"string","x-ms-dynamically-added":true,"description":"Please enter your input","x-ms-content-hint":"TEXT"}},"required":["text","text_1","text_2"]}}}},"actions":{"Create_a_new_row":{"runAfter":{"Get_user_profile_(V2)":["Succeeded"]},"type":"OpenApiConnection","inputs":{"host":{"connectionName":"shared_commondataserviceforapps","operationId":"CreateRecord","apiId":"/providers/Microsoft.PowerApps/apis/shared_commondataserviceforapps"},"parameters":{"entityName":"crf70_serviceaccountrequests","item/crf70_name":"@triggerBody()['text_1']","item/crf70_costcentre":"@triggerBody()['text_2']","item/crf70_solutionname":"@triggerBody()['text_1']"},"authentication":"@parameters('$authentication')"}},"Post_adaptive_card_in_a_chat_or_channel":{"runAfter":{"Create_a_new_row":["Succeeded"]},"type":"OpenApiConnection","inputs":{"host":{"connectionName":"shared_teams","operationId":"PostCardToConversation","apiId":"/providers/Microsoft.PowerApps/apis/shared_teams"},"parameters":{"poster":"Flow bot","location":"Channel","body/recipient/groupId":"0b264745-69a6-4347-a2cc-3e2d526d4d83","body/recipient/channelId":"19:e5cb6661da504ef7841b50f4877c3f54@thread.tacv2","body/messageBody":"{\n    \"type\": \"AdaptiveCard\",\n    \"body\": [\n        {\n            \"type\": \"TextBlock\",\n            \"size\": \"Medium\",\n            \"weight\": \"Bolder\",\n            \"text\": \"New service account submission\",\n            \"wrap\": true\n        },\n        {\n            \"type\": \"ColumnSet\",\n            \"columns\": [\n                {\n                    \"type\": \"Column\",\n                    \"items\": [\n                        {\n                            \"type\": \"TextBlock\",\n                            \"weight\": \"Bolder\",\n                            \"text\": \"@{outputs('Get_user_profile_(V2)')?['body/displayName']}\",\n                            \"wrap\": true\n                        },\n                        {\n                            \"type\": \"TextBlock\",\n                            \"spacing\": \"None\",\n                            \"text\": \"Created {{DATE(@{outputs('Create_a_new_row')?['body/createdon']}, SHORT)}}\",\n                            \"isSubtle\": true,\n                            \"wrap\": true\n                        }\n                    ],\n                    \"width\": \"stretch\"\n                }\n            ]\n        },\n        {\n            \"type\": \"TextBlock\",\n            \"text\": \"App or flow name - @{outputs('Create_a_new_row')?['body/crf70_solutionname']}\",\n            \"wrap\": true\n        }\n    ],\n    \"actions\": [\n        {\n            \"type\": \"Action.ShowCard\",\n            \"title\": \"Auto approve\",\n            \"card\": {\n                \"type\": \"AdaptiveCard\",\n                \"body\": [\n                    {\n                        \"type\": \"Input.Date\",\n                        \"id\": \"dueDate\"\n                    },\n                    {\n                        \"type\": \"Input.Text\",\n                        \"id\": \"comment\",\n                        \"placeholder\": \"Add a comment\",\n                        \"isMultiline\": true\n                    }\n                ],\n                \"actions\": [\n                    {\n                        \"type\": \"Action.Submit\",\n                        \"title\": \"OK\"\n                    }\n                ],\n                \"$schema\": \"http://adaptivecards.io/schemas/adaptive-card.json\"\n            }\n        },\n        {\n            \"type\": \"Action.OpenUrl\",\n            \"title\": \"Assign to me\",\n            \"url\": \"https://adaptivecards.io\"\n        }\n    ],\n    \"$schema\": \"http://adaptivecards.io/schemas/adaptive-card.json\",\n    \"version\": \"1.2\"\n}"},"authentication":"@parameters('$authentication')"}},"Get_user_profile_(V2)":{"runAfter":{},"type":"OpenApiConnection","inputs":{"host":{"connectionName":"shared_office365users","operationId":"UserProfile_V2","apiId":"/providers/Microsoft.PowerApps/apis/shared_office365users"},"parameters":{"id":"@triggerBody()['text']"},"authentication":"@parameters('$authentication')"}}},"outputs":{}}},"schemaVersion":"1.0.0.0"}