{"properties":{"connectionReferences":{},"definition":{"$schema":"https://schema.management.azure.com/providers/Microsoft.Logic/schemas/2016-06-01/workflowdefinition.json#","contentVersion":"1.0.0.0","parameters":{"$authentication":{"defaultValue":{},"type":"SecureObject"}},"triggers":{"manual":{"type":"Request","kind":"VirtualAgent","inputs":{"schema":{"type":"object","properties":{"text":{"title":"App_Audience","type":"string","x-ms-dynamically-added":true,"description":"Option selected in Bot - how many users of the app?","x-ms-content-hint":"TEXT"},"text_1":{"title":"App_DataFrequency","type":"string","x-ms-dynamically-added":true,"description":"Option selected in Bot - how often will data be updated?","x-ms-content-hint":"TEXT"},"text_2":{"title":"App_DataExclusivity","type":"string","x-ms-dynamically-added":true,"description":"Option selected in Bot - how exclusive is the data? Is it accessed outside of the app?","x-ms-content-hint":"TEXT"},"text_3":{"title":"App_DataSize","type":"string","x-ms-dynamically-added":true,"description":"Option selected in Bot - how large will the data source need to be?","x-ms-content-hint":"TEXT"},"text_4":{"title":"App_DataConnectors3rdParty","type":"string","x-ms-dynamically-added":true,"description":"Option selected in Bot - will it connect to third party connectors?","x-ms-content-hint":"TEXT"},"text_5":{"title":"App_DataConnectorsCustom","type":"string","x-ms-dynamically-added":true,"description":"Option selected in Bot - does it need to connect to custom data source?","x-ms-content-hint":"TEXT"}},"required":["text","text_1","text_2","text_3","text_4","text_5"]}}}},"actions":{"Initialize_variable_-_Audience":{"runAfter":{"Initialize_variable_-_Total_score":["Succeeded"]},"type":"InitializeVariable","inputs":{"variables":[{"name":"v_audience","type":"integer"}]},"description":"Establishing audience score"},"Initialize_variable_-_Data_frequency":{"runAfter":{"Initialize_variable_-_Audience":["Succeeded"]},"type":"InitializeVariable","inputs":{"variables":[{"name":"v_dataFrequency","type":"integer","value":0}]}},"Initialize_variable_-_Data_exclusivity":{"runAfter":{"Initialize_variable_-_Data_frequency":["Succeeded"]},"type":"InitializeVariable","inputs":{"variables":[{"name":"v_dataExclusivity","type":"integer","value":0}]}},"Initialize_variable_-_Data_size":{"runAfter":{"Initialize_variable_-_Data_exclusivity":["Succeeded"]},"type":"InitializeVariable","inputs":{"variables":[{"name":"v_dataSize","type":"integer","value":0}]}},"Initialize_variable_-_Third-party_connectors":{"runAfter":{"Initialize_variable_-_Data_size":["Succeeded"]},"type":"InitializeVariable","inputs":{"variables":[{"name":"v_thirdPartyConnector","type":"integer","value":0}]}},"Initialize_variable_-_Custom_connectors":{"runAfter":{"Initialize_variable_-_Third-party_connectors":["Succeeded"]},"type":"InitializeVariable","inputs":{"variables":[{"name":"v_customConnector","type":"integer","value":0}]}},"Initialize_variable_-_Total_score":{"runAfter":{},"type":"InitializeVariable","inputs":{"variables":[{"name":"v_EnvironmentRecommendation","type":"string"}]}},"Condition_-_audience_score":{"actions":{"Set_variable_-_vAudience0":{"runAfter":{},"type":"SetVariable","inputs":{"name":"v_audience","value":0}}},"runAfter":{"Initialize_variable_-_Custom_connectors":["Succeeded"]},"else":{"actions":{"Condition":{"actions":{"Set_variable_-_vAudience1":{"runAfter":{},"type":"SetVariable","inputs":{"name":"v_audience","value":1}}},"runAfter":{},"else":{"actions":{"Condition_2":{"actions":{"Set_variable_vAudience2":{"runAfter":{},"type":"SetVariable","inputs":{"name":"v_audience","value":2}}},"runAfter":{},"expression":{"equals":["@triggerBody()['text']","For the entire organisation"]},"type":"If"}}},"expression":{"equals":["@triggerBody()['text']","For my department or business unit"]},"type":"If"}}},"expression":{"or":[{"equals":["@triggerBody()['text']","For me only, a personal app"]},{"equals":["@triggerBody()['text']","For a small, non-permanent team (e.g. a project)"]}]},"type":"If"},"Condition_-_data_frequency":{"actions":{"Set_variable_-_dataFrequency2":{"runAfter":{},"type":"SetVariable","inputs":{"name":"v_dataFrequency","value":2}}},"runAfter":{"Initialize_variable_-_Custom_connectors":["Succeeded"]},"else":{"actions":{"Set_variable_-_dataFrequency0":{"runAfter":{},"type":"SetVariable","inputs":{"name":"v_dataFrequency","value":0}}}},"expression":{"equals":["@triggerBody()['text_1']","Yes"]},"type":"If"},"Condition_-_data_exclusivity":{"actions":{"Set_variable_-_dataExclusivity2":{"runAfter":{},"type":"SetVariable","inputs":{"name":"v_dataExclusivity","value":2}}},"runAfter":{"Initialize_variable_-_Custom_connectors":["Succeeded"]},"else":{"actions":{"Set_variable_-_dataExclusivity0":{"runAfter":{},"type":"SetVariable","inputs":{"name":"v_dataExclusivity","value":0}}}},"expression":{"equals":["@triggerBody()['text_2']","Yes"]},"type":"If"},"Condition_-_data_size":{"actions":{"Set_variable_-_dataSize2":{"runAfter":{},"type":"SetVariable","inputs":{"name":"v_dataSize","value":2}}},"runAfter":{"Initialize_variable_-_Custom_connectors":["Succeeded"]},"else":{"actions":{"Set_variable_-_dataSize0":{"runAfter":{},"type":"SetVariable","inputs":{"name":"v_dataSize","value":0}}}},"expression":{"equals":["@triggerBody()['text_3']","Yes"]},"type":"If"},"Condition_-_third_party_connector":{"actions":{"Set_variable_-_thirdPartyConnector6":{"runAfter":{},"type":"SetVariable","inputs":{"name":"v_thirdPartyConnector","value":6}}},"runAfter":{"Initialize_variable_-_Custom_connectors":["Succeeded"]},"else":{"actions":{"Set_variable":{"runAfter":{},"type":"SetVariable","inputs":{"name":"v_thirdPartyConnector","value":0}}}},"expression":{"equals":["@triggerBody()['text_4']","Yes"]},"type":"If"},"Condition_-_custom_connector":{"actions":{"Set_variable_customConnector6":{"runAfter":{},"type":"SetVariable","inputs":{"name":"v_customConnector","value":6}}},"runAfter":{"Initialize_variable_-_Custom_connectors":["Succeeded"]},"else":{"actions":{"Set_variable_-_customConnector0":{"runAfter":{},"type":"SetVariable","inputs":{"name":"v_customConnector","value":0}}}},"expression":{"equals":["@triggerBody()['text_5']","Yes"]},"type":"If"},"Compose_-_total_score":{"runAfter":{"Condition_-_data_exclusivity":["Succeeded"]},"type":"Compose","inputs":"@add(variables('v_customConnector'),add(variables('v_thirdPartyConnector'),add(variables('v_dataSize'),add(variables('v_dataExclusivity'),add(variables('v_audience'),variables('v_dataFrequency'))))))"},"Return_value(s)_to_Power_Virtual_Agents":{"runAfter":{"Condition_-_Personal_productivity_environment":["Succeeded"]},"type":"Response","kind":"VirtualAgent","inputs":{"statusCode":200,"body":{"score":"@variables('v_EnvironmentRecommendation')"},"schema":{"type":"object","properties":{"score":{"title":"Score","x-ms-dynamically-added":true,"type":"string"}}}}},"Condition_-_Personal_productivity_environment":{"actions":{"Set_variable_-_personalProductivity":{"runAfter":{},"type":"SetVariable","inputs":{"name":"v_EnvironmentRecommendation","value":"Personal productivity environment."}}},"runAfter":{"Compose_-_total_score":["Succeeded"]},"else":{"actions":{"Condition_-_Power_user_environment":{"actions":{"Set_variable_-_powerUser":{"runAfter":{},"type":"SetVariable","inputs":{"name":"v_EnvironmentRecommendation","value":"Power user environment"}}},"runAfter":{},"else":{"actions":{"Condition_-_ProDeveloper_environment":{"actions":{"Set_variable_-_proDeveloper":{"runAfter":{},"type":"SetVariable","inputs":{"name":"v_EnvironmentRecommendation","value":"Pro developer environment"}}},"runAfter":{},"expression":{"greater":["@outputs('Compose_-_total_score')",6]},"type":"If"}}},"expression":{"and":[{"greaterOrEquals":["@outputs('Compose_-_total_score')",2]},{"lessOrEquals":["@outputs('Compose_-_total_score')",5]}]},"type":"If"}}},"expression":{"equals":["@outputs('Compose_-_total_score')",0]},"type":"If"}},"outputs":{}}},"schemaVersion":"1.0.0.0"}