<bot_botcomponentset>
  <bot_botcomponent botcomponentid.schemaname="new_topic_278beed005854bbca0c53ee3910d439d" botid.schemaname="new_bot_74790675f0cb4fc09007305cb984d8f7">
    <iscustomizable>1</iscustomizable>
  </bot_botcomponent>
  <bot_botcomponent botcomponentid.schemaname="new_topic_2ab06a1523c94c9aa6c9f8233046f9a4" botid.schemaname="new_bot_74790675f0cb4fc09007305cb984d8f7">
    <iscustomizable>1</iscustomizable>
  </bot_botcomponent>
  <bot_botcomponent botcomponentid.schemaname="new_topic_e6c884e905864eb7b55fbabcd6ae299e" botid.schemaname="new_bot_74790675f0cb4fc09007305cb984d8f7">
    <iscustomizable>1</iscustomizable>
  </bot_botcomponent>
</bot_botcomponentset>