<botcomponent_botcomponentset>
  <botcomponent_botcomponent botcomponentidone.schemaname="new_topic_278beed005854bbca0c53ee3910d439d" botcomponentidtwo.schemaname="new_topic_74790675f0cb4fc09007305cb984d8f7_f56d1a3e522740c78f9fac0939332dbd_goodbye">
    <iscustomizable>1</iscustomizable>
  </botcomponent_botcomponent>
  <botcomponent_botcomponent botcomponentidone.schemaname="new_topic_2ab06a1523c94c9aa6c9f8233046f9a4" botcomponentidtwo.schemaname="new_topic_278beed005854bbca0c53ee3910d439d">
    <iscustomizable>1</iscustomizable>
  </botcomponent_botcomponent>
  <botcomponent_botcomponent botcomponentidone.schemaname="new_topic_2ab06a1523c94c9aa6c9f8233046f9a4" botcomponentidtwo.schemaname="new_topic_74790675f0cb4fc09007305cb984d8f7_f56d1a3e522740c78f9fac0939332dbd_goodbye">
    <iscustomizable>1</iscustomizable>
  </botcomponent_botcomponent>
  <botcomponent_botcomponent botcomponentidone.schemaname="new_topic_74790675f0cb4fc09007305cb984d8f7_ba7b967c97ba4c39bca58a8bb6a72d59_conversationstart" botcomponentidtwo.schemaname="new_topic_2ab06a1523c94c9aa6c9f8233046f9a4">
    <iscustomizable>1</iscustomizable>
  </botcomponent_botcomponent>
</botcomponent_botcomponentset>