<botcomponent_workflowset>
  <botcomponent_workflow botcomponentid.schemaname="new_topic_278beed005854bbca0c53ee3910d439d" workflowid.workflowid="a2ce613f-51e5-eb11-bacb-000d3a4af79c">
    <iscustomizable>1</iscustomizable>
  </botcomponent_workflow>
  <botcomponent_workflow botcomponentid.schemaname="new_topic_2ab06a1523c94c9aa6c9f8233046f9a4" workflowid.workflowid="0c542c20-cee3-eb11-bacb-000d3a4af79c">
    <iscustomizable>1</iscustomizable>
  </botcomponent_workflow>
</botcomponent_workflowset>