<ImportExportXml version="9.2.21062.134" SolutionPackageVersion="9.2" languagecode="1033" generatedBy="CrmLive" xmlns:xsi="http://www.w3.org/2001/XMLSchema-instance">
  <SolutionManifest>
    <UniqueName>Crc7249</UniqueName>
    <LocalizedNames>
      <LocalizedName description="Common Data Services Default Solution" languagecode="1033" />
    </LocalizedNames>
    <Descriptions />
    <Version>1.0.0.1</Version>
    <Managed>0</Managed>
    <Publisher>
      <UniqueName>Cr5f135</UniqueName>
      <LocalizedNames>
        <LocalizedName description="CDS Default Publisher" languagecode="1033" />
      </LocalizedNames>
      <Descriptions />
      <EMailAddress xsi:nil="true"></EMailAddress>
      <SupportingWebsiteUrl xsi:nil="true"></SupportingWebsiteUrl>
      <CustomizationPrefix>cr0e3</CustomizationPrefix>
      <CustomizationOptionValuePrefix>43448</CustomizationOptionValuePrefix>
    </Publisher>
    <RootComponents>
      <RootComponent type="1" schemaName="cr0e3_request" behavior="0" />
      <RootComponent type="1" schemaName="cr0e3_requestaudit" behavior="0" />
      <RootComponent type="29" id="{0cada80b-5fea-eb11-bacb-000d3a5aa57a}" behavior="0" />
    </RootComponents>
    <MissingDependencies>
      <MissingDependency>
        <Required type="botcomponent" displayName="new_topic_6b8fd6637754470887f51c6b7806c3f1_f56d1a3e522740c78f9fac0939332dbd_goodbye" solution="Active" id.schemaname="new_topic_6b8fd6637754470887f51c6b7806c3f1_f56d1a3e522740c78f9fac0939332dbd_goodbye" />
        <Dependent type="botcomponent_botcomponent" displayName="botcomponentidone.schemaname=new_topic_7c9231064dbc48729bf5da533a2f851f,botcomponentidtwo.schemaname=new_topic_6b8fd6637754470887f51c6b7806c3f1_f56d1a3e522740c78f9fac0939332dbd_goodbye" id.botcomponentidone.schemaname="new_topic_7c9231064dbc48729bf5da533a2f851f" id.botcomponentidtwo.schemaname="new_topic_6b8fd6637754470887f51c6b7806c3f1_f56d1a3e522740c78f9fac0939332dbd_goodbye" />
      </MissingDependency>
    </MissingDependencies>
  </SolutionManifest>
</ImportExportXml>