{"properties":{"connectionReferences":{"shared_commondataserviceforapps":{"runtimeSource":"embedded","connection":{"connectionReferenceLogicalName":"cr0e3_sharedcommondataserviceforapps_3d7b8"},"api":{"name":"shared_commondataserviceforapps"}},"shared_teams":{"runtimeSource":"embedded","connection":{"connectionReferenceLogicalName":"cr0e3_sharedteams_4e8f9"},"api":{"name":"shared_teams"}},"shared_office365users":{"runtimeSource":"embedded","connection":{"connectionReferenceLogicalName":"cr0e3_sharedoffice365users_83464"},"api":{"name":"shared_office365users"}}},"definition":{"$schema":"https://schema.management.azure.com/providers/Microsoft.Logic/schemas/2016-06-01/workflowdefinition.json#","contentVersion":"1.0.0.0","parameters":{"$connections":{"defaultValue":{},"type":"Object"},"$authentication":{"defaultValue":{},"type":"SecureObject"}},"triggers":{"manual":{"type":"Request","kind":"VirtualAgent","inputs":{"schema":{"type":"object","properties":{"text":{"title":"userId","type":"string","x-ms-dynamically-added":true,"description":"Please enter your input","x-ms-content-hint":"TEXT"},"text_1":{"title":"connector","type":"string","x-ms-dynamically-added":true,"description":"Please enter your input","x-ms-content-hint":"TEXT"},"text_2":{"title":"justification","type":"string","x-ms-dynamically-added":true,"description":"Please enter your input","x-ms-content-hint":"TEXT"},"text_3":{"title":"solutionName","type":"string","x-ms-dynamically-added":true,"description":"Please enter your input","x-ms-content-hint":"TEXT"}},"required":["text","text_1","text_2","text_3"]}}}},"actions":{"Add_a_new_row":{"runAfter":{"[string]commentorId":["Succeeded"]},"type":"OpenApiConnection","inputs":{"host":{"connectionName":"shared_commondataserviceforapps","operationId":"CreateRecord","apiId":"/providers/Microsoft.PowerApps/apis/shared_commondataserviceforapps"},"parameters":{"entityName":"cr0e3_requests","item/cr0e3_solutionname":"@triggerBody()['text_3']","item/cr0e3_connectors":"@triggerBody()['text_1']","item/cr0e3_justification":"@triggerBody()['text_2']","item/cr0e3_requestorid":"@triggerBody()['text']"},"authentication":"@parameters('$authentication')"}},"Return_value(s)_to_Power_Virtual_Agents":{"runAfter":{"Add_a_new_row":["Succeeded"]},"type":"Response","kind":"VirtualAgent","inputs":{"statusCode":200,"body":{"requestreference":"@outputs('Add_a_new_row')?['body/cr0e3_requestreference']"},"schema":{"type":"object","properties":{"requestreference":{"title":"requestReference","x-ms-dynamically-added":true,"type":"string"}}}}},"NotifySecurity":{"runAfter":{"Return_value(s)_to_Power_Virtual_Agents":["Succeeded"]},"type":"OpenApiConnectionWebhook","inputs":{"host":{"connectionName":"shared_teams","operationId":"SubscribeChannelFlowContinuation","apiId":"/providers/Microsoft.PowerApps/apis/shared_teams"},"parameters":{"groupId":"fde8e56c-d474-4cae-8869-6937a46d12cd","ChannelFlowContinuationSubscriptionRequest/body/recipient/channelId":"19:986b1f6f00f64dc8a2062a125ca8c09a@thread.tacv2","ChannelFlowContinuationSubscriptionRequest/body/messageBody":"{\n    \"type\": \"AdaptiveCard\",\n    \"$schema\": \"http://adaptivecards.io/schemas/adaptive-card.json\",\n    \"version\": \"1.2\",\n    \"body\": [\n        {\n            \"type\": \"Container\",\n            \"items\": [\n                {\n                    \"type\": \"TextBlock\",\n                    \"text\": \"New connector request\",\n                    \"wrap\": true,\n                    \"size\": \"Large\",\n                    \"weight\": \"Bolder\",\n                    \"color\": \"Accent\",\n                    \"fontType\": \"Default\"\n                }\n            ]\n        },\n        {\n            \"type\": \"Container\",\n            \"items\": [\n                {\n                    \"type\": \"ColumnSet\",\n                    \"columns\": [\n                        {\n                            \"type\": \"Column\",\n                            \"width\": \"stretch\",\n                            \"items\": [\n                                {\n                                    \"type\": \"TextBlock\",\n                                    \"text\": \"Submitted by:\",\n                                    \"wrap\": true,\n                                    \"size\": \"Small\",\n                                    \"weight\": \"Bolder\"\n                                },\n                                {\n                                    \"type\": \"TextBlock\",\n                                    \"text\": \"@{variables('strUserDisplayName')}\",\n                                    \"wrap\": true\n                                }\n                            ]\n                        },\n                        {\n                            \"type\": \"Column\",\n                            \"width\": \"stretch\",\n                            \"items\": [\n                                {\n                                    \"type\": \"TextBlock\",\n                                    \"text\": \"Submitted date:\",\n                                    \"wrap\": true,\n                                    \"size\": \"Small\",\n                                    \"weight\": \"Bolder\"\n                                },\n                                {\n                                    \"type\": \"TextBlock\",\n                                    \"text\": \"@{outputs('Add_a_new_row')?['body/createdon']}\",\n                                    \"wrap\": true\n                                }\n                            ]\n                        }\n                    ]\n                }\n            ]\n        },\n        {\n            \"type\": \"Container\",\n            \"items\": [\n                {\n                    \"type\": \"TextBlock\",\n                    \"text\": \"Connector name:\",\n                    \"wrap\": true,\n                    \"size\": \"Small\",\n                    \"weight\": \"Bolder\"\n                },\n                {\n                    \"type\": \"TextBlock\",\n                    \"text\": \"@{outputs('Add_a_new_row')?['body/cr0e3_connectors']}\",\n                    \"wrap\": true\n                },\n                {\n                    \"type\": \"TextBlock\",\n                    \"text\": \"Environment name:\",\n                    \"wrap\": true,\n                    \"size\": \"Small\",\n                    \"weight\": \"Bolder\"\n                },\n                {\n                    \"type\": \"TextBlock\",\n                    \"text\": \"Contoso - Power User\",\n                    \"wrap\": true\n                },\n                {\n                    \"type\": \"TextBlock\",\n                    \"text\": \"App name:\",\n                    \"wrap\": true,\n                    \"size\": \"Small\",\n                    \"weight\": \"Bolder\"\n                },\n                {\n                    \"type\": \"TextBlock\",\n                    \"text\": \"@{outputs('Add_a_new_row')?['body/cr0e3_solutionname']}\",\n                    \"wrap\": true\n                },\n                {\n                    \"type\": \"TextBlock\",\n                    \"text\": \"Business justification:\",\n                    \"wrap\": true,\n                    \"size\": \"Small\",\n                    \"weight\": \"Bolder\"\n                }\n            ]\n        },\n        {\n            \"type\": \"TextBlock\",\n            \"text\": \"@{outputs('Add_a_new_row')?['body/cr0e3_justification']}\",\n            \"wrap\": true\n        },\n        {\n            \"type\": \"Container\",\n            \"items\": [\n                {\n                    \"type\": \"TextBlock\",\n                    \"text\": \"Your comments:\",\n                    \"wrap\": true,\n                    \"size\": \"Small\",\n                    \"weight\": \"Bolder\"\n                }\n            ]\n        },\n        {\n            \"type\": \"Input.Text\",\n            \"placeholder\": \"Enter comments here...\",\n            \"id\": \"reviewerComment\",\n            \"isMultiline\": true,\n            \"maxLength\": 4000\n        },\n        {\n            \"type\": \"Input.ChoiceSet\",\n            \"choices\": [\n                {\n                    \"title\": \"Change to existing DLP\",\n                    \"value\": \"Change to existing DLP\"\n                },\n                {\n                    \"title\": \"New environment/ DLP\",\n                    \"value\": \"New environment/ DLP\"\n                }\n            ],\n            \"placeholder\": \"Select recommendation\",\n            \"id\": \"recommendationSelection\"\n        },\n        {\n            \"type\": \"ColumnSet\",\n            \"columns\": [\n                {\n                    \"type\": \"Column\",\n                    \"width\": \"stretch\",\n                    \"items\": [\n                        {\n                            \"type\": \"Input.ChoiceSet\",\n                            \"choices\": [\n                                {\n                                    \"title\": \"Approved\",\n                                    \"value\": \"Approved\"\n                                },\n                                {\n                                    \"title\": \"Rejected\",\n                                    \"value\": \"Rejected\"\n                                }\n                            ],\n                            \"placeholder\": \"Select approval status\",\n                            \"id\": \"approvalStatus\"\n                        }\n                    ]\n                },\n                {\n                    \"type\": \"Column\",\n                    \"width\": \"stretch\",\n                    \"items\": [\n                        {\n                            \"type\": \"ActionSet\",\n                            \"actions\": [\n                                {\n                                    \"type\": \"Action.Submit\",\n                                    \"title\": \"Submit\",\n                                    \"id\": \"submitContent\"\n                                }\n                            ]\n                        }\n                    ]\n                }\n            ]\n        }\n    ]\n}","ChannelFlowContinuationSubscriptionRequest/body/updateMessage":"Thank you for your comments","ChannelFlowContinuationSubscriptionRequest/body/shouldUpdateCard":true},"authentication":"@parameters('$authentication')"}},"Get_user_profile_(V2)_-_Bot_user":{"runAfter":{"[string]commentorId":["Succeeded"]},"type":"OpenApiConnection","inputs":{"host":{"connectionName":"shared_office365users","operationId":"UserProfile_V2","apiId":"/providers/Microsoft.PowerApps/apis/shared_office365users"},"parameters":{"id":"@triggerBody()['text']"},"authentication":"@parameters('$authentication')"}},"[string]userDisplayName":{"runAfter":{},"type":"InitializeVariable","inputs":{"variables":[{"name":"strUserDisplayName","type":"string"}]}},"Set_variable_-_userDisplayName":{"runAfter":{"Get_user_profile_(V2)_-_Bot_user":["Succeeded"]},"type":"SetVariable","inputs":{"name":"strUserDisplayName","value":"@outputs('Get_user_profile_(V2)_-_Bot_user')?['body/displayName']"}},"Condition_-_if_request_is_approved":{"actions":{"Add_a_new_row_-_Audit_data":{"runAfter":{},"type":"OpenApiConnection","inputs":{"host":{"connectionName":"shared_commondataserviceforapps","operationId":"CreateRecord","apiId":"/providers/Microsoft.PowerApps/apis/shared_commondataserviceforapps"},"parameters":{"entityName":"cr0e3_requestaudits","item/cr0e3_name":"Approved","item/cr0e3_comment":"@body('NotifySecurity').data.reviewerComment","item/cr0e3_commentorid":"@variables('strCommentor')","item/cr0e3_requestreferemce":"@outputs('Add_a_new_row')?['body/cr0e3_requestreference']"},"authentication":"@parameters('$authentication')"},"description":"Log the security team comments in the audit table, you should build on this for your own implementation"},"NotifyAdmins":{"runAfter":{"Add_a_new_row_-_Audit_data":["Succeeded"]},"type":"OpenApiConnectionWebhook","inputs":{"host":{"connectionName":"shared_teams","operationId":"SubscribeChannelFlowContinuation","apiId":"/providers/Microsoft.PowerApps/apis/shared_teams"},"parameters":{"groupId":"fde8e56c-d474-4cae-8869-6937a46d12cd","ChannelFlowContinuationSubscriptionRequest/body/recipient/channelId":"19:9e6d386dbb0f46dda3367c32110aa843@thread.tacv2","ChannelFlowContinuationSubscriptionRequest/body/messageBody":"{\n    \"type\": \"AdaptiveCard\",\n    \"$schema\": \"http://adaptivecards.io/schemas/adaptive-card.json\",\n    \"version\": \"1.2\",\n    \"body\": [\n        {\n            \"type\": \"TextBlock\",\n            \"text\": \"New connector request notification\",\n            \"wrap\": true,\n            \"size\": \"Large\",\n            \"weight\": \"Bolder\"\n        },\n        {\n            \"type\": \"TextBlock\",\n            \"wrap\": true,\n            \"text\": \"@{outputs('Add_a_new_row_-_Audit_data')?['body/cr0e3_requestreferemce']}\",\n            \"weight\": \"Bolder\",\n            \"color\": \"Accent\"\n        },\n        {\n            \"type\": \"ColumnSet\",\n            \"columns\": [\n                {\n                    \"type\": \"Column\",\n                    \"width\": \"stretch\",\n                    \"items\": [\n                        {\n                            \"type\": \"TextBlock\",\n                            \"text\": \"Connector name:\",\n                            \"wrap\": true,\n                            \"weight\": \"Bolder\",\n                            \"color\": \"Accent\"\n                        }\n                    ]\n                },\n                {\n                    \"type\": \"Column\",\n                    \"width\": \"stretch\",\n                    \"items\": [\n                        {\n                            \"type\": \"TextBlock\",\n                            \"text\": \"@{outputs('Add_a_new_row')?['body/cr0e3_connectors']}\",\n                            \"wrap\": true\n                        }\n                    ]\n                }\n            ]\n        },\n        {\n            \"type\": \"ColumnSet\",\n            \"columns\": [\n                {\n                    \"type\": \"Column\",\n                    \"width\": \"stretch\",\n                    \"items\": [\n                        {\n                            \"type\": \"TextBlock\",\n                            \"wrap\": true,\n                            \"text\": \"Recommendation:\",\n                            \"weight\": \"Bolder\",\n                            \"color\": \"Accent\"\n                        }\n                    ]\n                },\n                {\n                    \"type\": \"Column\",\n                    \"width\": \"stretch\",\n                    \"items\": [\n                        {\n                            \"type\": \"TextBlock\",\n                            \"text\": \"@{outputs('Add_a_new_row_-_Audit_data')?['body/cr0e3_comment']}\",\n                            \"wrap\": true\n                        }\n                    ]\n                }\n            ]\n        },\n        {\n            \"type\": \"ColumnSet\",\n            \"columns\": [\n                {\n                    \"type\": \"Column\",\n                    \"width\": \"stretch\",\n                    \"items\": [\n                        {\n                            \"type\": \"TextBlock\",\n                            \"wrap\": true,\n                            \"text\": \"Requested by:\",\n                            \"color\": \"Accent\"\n                        }\n                    ]\n                },\n                {\n                    \"type\": \"Column\",\n                    \"width\": \"stretch\",\n                    \"items\": [\n                        {\n                            \"type\": \"TextBlock\",\n                            \"text\": \"@{variables('strUserDisplayName')}\",\n                            \"wrap\": true\n                        }\n                    ]\n                }\n            ]\n        },\n        {\n            \"type\": \"ColumnSet\",\n            \"columns\": [\n                {\n                    \"type\": \"Column\",\n                    \"width\": \"stretch\",\n                    \"items\": [\n                        {\n                            \"type\": \"TextBlock\",\n                            \"wrap\": true,\n                            \"text\": \"Approved by: \",\n                            \"color\": \"Accent\"\n                        }\n                    ]\n                },\n                {\n                    \"type\": \"Column\",\n                    \"width\": \"stretch\",\n                    \"items\": [\n                        {\n                            \"type\": \"TextBlock\",\n                            \"text\": \"@{outputs('Get_user_profile_(V2)_-_Security_commentor')?['body/displayName']}\",\n                            \"wrap\": true\n                        }\n                    ]\n                }\n            ]\n        },\n        {\n            \"type\": \"TextBlock\",\n            \"wrap\": true,\n            \"text\": \"Approval details:\",\n            \"color\": \"Accent\"\n        },\n        {\n            \"type\": \"TextBlock\",\n            \"text\": \"@{outputs('Add_a_new_row_-_Audit_data')?['body/cr0e3_comment']}\",\n            \"wrap\": true\n        },\n        {\n            \"type\": \"Container\",\n            \"items\": [\n                {\n                    \"type\": \"TextBlock\",\n                    \"wrap\": true,\n                    \"text\": \"Comments:\",\n                    \"color\": \"Accent\"\n                }\n            ]\n        },\n        {\n            \"type\": \"Container\",\n            \"items\": [\n                {\n                    \"type\": \"Input.Text\",\n                    \"isMultiline\": true,\n                    \"id\": \"adminComments\",\n                    \"maxLength\": 4000\n                }\n            ]\n        },\n        {\n            \"type\": \"ActionSet\",\n            \"actions\": [\n                {\n                    \"type\": \"Action.Submit\",\n                    \"title\": \"Mark completed\",\n                    \"id\": \"adminCompleted\"\n                }\n            ]\n        }\n    ]\n}","ChannelFlowContinuationSubscriptionRequest/body/updateMessage":"Thank you.","ChannelFlowContinuationSubscriptionRequest/body/shouldUpdateCard":true},"authentication":"@parameters('$authentication')"},"description":"Notify the admin channel with recommendation"}},"runAfter":{"Set_variable_-_commentorId":["Succeeded"]},"expression":{"equals":["@body('NotifySecurity').data.approvalStatus","Approved"]},"type":"If","description":"Note - in this example, we only handle approved condition, you should build out the rejection process."},"[string]commentorId":{"runAfter":{"[string]userDisplayName":["Succeeded"]},"type":"InitializeVariable","inputs":{"variables":[{"name":"strCommentor","type":"string"}]}},"Set_variable_-_commentorId":{"runAfter":{"Get_user_profile_(V2)_-_Security_commentor":["Succeeded"]},"type":"SetVariable","inputs":{"name":"strCommentor","value":"@outputs('Get_user_profile_(V2)_-_Security_commentor')?['body/id']"}},"Get_user_profile_(V2)_-_Security_commentor":{"runAfter":{"NotifySecurity":["Succeeded"]},"type":"OpenApiConnection","inputs":{"host":{"connectionName":"shared_office365users","operationId":"UserProfile_V2","apiId":"/providers/Microsoft.PowerApps/apis/shared_office365users"},"parameters":{"id":"@body('NotifySecurity').responder.userPrincipalName"},"authentication":"@parameters('$authentication')"}}},"outputs":{}}},"schemaVersion":"1.0.0.0"}