{
  "intents": [
    {
      "triggerQueries": [
        "talk to support engineer"
      ],
      "dialogId": "new_topic_e6c884e905864eb7b55fbabcd6ae299e",
      "isTriggeringEnabled": true,
      "id": "new_topic_e6c884e905864eb7b55fbabcd6ae299e",
      "displayName": "Talk to a support engineer",
      "description": "",
      "createdTime": "2021-07-13T10:56:55.8832003Z",
      "updatedTime": "2021-07-13T10:57:28.6815958Z",
      "createdUserId": "e63f1707-5413-4b17-a9ba-976282f163df",
      "updatedUserId": "e63f1707-5413-4b17-a9ba-976282f163df"
    }
  ],
  "dialogs": [
    {
      "rootNodeId": "8dc86130-6dbc-4d84-926f-bfc1869c9faf",
      "agentTransferNodes": [
        {
          "messageToAgent": "Transferring you to a support engineer now! Thanks for chatting to me! Bye!",
          "nodeType": "AgentTransferNode",
          "id": "8dc86130-6dbc-4d84-926f-bfc1869c9faf"
        }
      ],
      "id": "new_topic_e6c884e905864eb7b55fbabcd6ae299e",
      "displayName": "Dialog for Talk to a support engineer",
      "createdTime": "2021-07-13T10:56:55.8832003Z",
      "updatedTime": "2021-07-13T10:57:28.6815958Z",
      "createdUserId": "e63f1707-5413-4b17-a9ba-976282f163df",
      "updatedUserId": "e63f1707-5413-4b17-a9ba-976282f163df"
    }
  ],
  "createdUtc": "0001-01-01T00:00:00Z"
}