<botcomponent_botcomponentset>
  <botcomponent_botcomponent botcomponentidone.schemaname="new_topic_6b8fd6637754470887f51c6b7806c3f1_ba7b967c97ba4c39bca58a8bb6a72d59_conversationstart" botcomponentidtwo.schemaname="new_topic_f97490bc9e454e258599bbc3ef3174d7">
    <iscustomizable>1</iscustomizable>
  </botcomponent_botcomponent>
  <botcomponent_botcomponent botcomponentidone.schemaname="new_topic_7c9231064dbc48729bf5da533a2f851f" botcomponentidtwo.schemaname="new_topic_6b8fd6637754470887f51c6b7806c3f1_f56d1a3e522740c78f9fac0939332dbd_goodbye">
    <iscustomizable>1</iscustomizable>
  </botcomponent_botcomponent>
  <botcomponent_botcomponent botcomponentidone.schemaname="new_topic_f97490bc9e454e258599bbc3ef3174d7" botcomponentidtwo.schemaname="new_topic_7c9231064dbc48729bf5da533a2f851f">
    <iscustomizable>1</iscustomizable>
  </botcomponent_botcomponent>
</botcomponent_botcomponentset>