<ImportExportXml version="9.2.21062.131" SolutionPackageVersion="9.2" languagecode="1033" generatedBy="CrmLive" xmlns:xsi="http://www.w3.org/2001/XMLSchema-instance">
  <SolutionManifest>
    <UniqueName>Cr51e1c</UniqueName>
    <LocalizedNames>
      <LocalizedName description="Common Data Services Default Solution" languagecode="1033" />
    </LocalizedNames>
    <Descriptions />
    <Version>1.0.0.1</Version>
    <Managed>0</Managed>
    <Publisher>
      <UniqueName>Cr4ff95</UniqueName>
      <LocalizedNames>
        <LocalizedName description="CDS Default Publisher" languagecode="1033" />
      </LocalizedNames>
      <Descriptions />
      <EMailAddress xsi:nil="true"></EMailAddress>
      <SupportingWebsiteUrl xsi:nil="true"></SupportingWebsiteUrl>
      <CustomizationPrefix>cr04e</CustomizationPrefix>
      <CustomizationOptionValuePrefix>86067</CustomizationOptionValuePrefix>
    </Publisher>
    <RootComponents>
      <RootComponent type="1" schemaName="cr04e_environmentaccessrequest" behavior="0" />
      <RootComponent type="29" id="{0c542c20-cee3-eb11-bacb-000d3a4af79c}" behavior="0" />
      <RootComponent type="29" id="{a2ce613f-51e5-eb11-bacb-000d3a4af79c}" behavior="0" />
    </RootComponents>
    <MissingDependencies>
      <MissingDependency>
        <Required type="botcomponent" displayName="new_topic_74790675f0cb4fc09007305cb984d8f7_f56d1a3e522740c78f9fac0939332dbd_goodbye" solution="Active" id.schemaname="new_topic_74790675f0cb4fc09007305cb984d8f7_f56d1a3e522740c78f9fac0939332dbd_goodbye" />
        <Dependent type="botcomponent_botcomponent" displayName="botcomponentidone.schemaname=new_topic_278beed005854bbca0c53ee3910d439d,botcomponentidtwo.schemaname=new_topic_74790675f0cb4fc09007305cb984d8f7_f56d1a3e522740c78f9fac0939332dbd_goodbye" id.botcomponentidone.schemaname="new_topic_278beed005854bbca0c53ee3910d439d" id.botcomponentidtwo.schemaname="new_topic_74790675f0cb4fc09007305cb984d8f7_f56d1a3e522740c78f9fac0939332dbd_goodbye" />
      </MissingDependency>
      <MissingDependency>
        <Required type="botcomponent" displayName="new_topic_74790675f0cb4fc09007305cb984d8f7_f56d1a3e522740c78f9fac0939332dbd_goodbye" solution="Active" id.schemaname="new_topic_74790675f0cb4fc09007305cb984d8f7_f56d1a3e522740c78f9fac0939332dbd_goodbye" />
        <Dependent type="botcomponent_botcomponent" displayName="botcomponentidone.schemaname=new_topic_2ab06a1523c94c9aa6c9f8233046f9a4,botcomponentidtwo.schemaname=new_topic_74790675f0cb4fc09007305cb984d8f7_f56d1a3e522740c78f9fac0939332dbd_goodbye" id.botcomponentidone.schemaname="new_topic_2ab06a1523c94c9aa6c9f8233046f9a4" id.botcomponentidtwo.schemaname="new_topic_74790675f0cb4fc09007305cb984d8f7_f56d1a3e522740c78f9fac0939332dbd_goodbye" />
      </MissingDependency>
    </MissingDependencies>
  </SolutionManifest>
</ImportExportXml>