{"name":"633af58b-eb3b-4b3d-9fac-e4b00e5326ad","id":"/providers/Microsoft.Flow/flows/633af58b-eb3b-4b3d-9fac-e4b00e5326ad","type":"Microsoft.Flow/flows","properties":{"apiId":"/providers/Microsoft.PowerApps/apis/shared_logicflows","displayName":"Manage-OrphanedApps","definition":{"$schema":"https://schema.management.azure.com/providers/Microsoft.Logic/schemas/2016-06-01/workflowdefinition.json#","contentVersion":"1.0.0.0","parameters":{"$connections":{"defaultValue":{},"type":"Object"},"$authentication":{"defaultValue":{},"type":"SecureObject"}},"triggers":{"Recurrence":{"recurrence":{"frequency":"Week","interval":1,"timeZone":"GMT Standard Time","schedule":{"weekDays":["Wednesday"]}},"type":"Recurrence","description":"Once per week, each Wednesday"}},"actions":{"Initialize_variable_-_manager_recommendation":{"runAfter":{},"type":"InitializeVariable","inputs":{"variables":[{"name":"vMgrRecommendation","type":"string"}]}},"Initialize_variable_-_new_owner_email":{"runAfter":{"Initialize_variable_-_manager_recommendation":["Succeeded"]},"type":"InitializeVariable","inputs":{"variables":[{"name":"vNewOwnerEmail","type":"string"}]}},"Get_Apps_as_Admin_-_All_apps_in_personal_productivity_environment":{"runAfter":{"Initialize_variable_-_new_owner_email":["Succeeded"]},"type":"OpenApiConnection","inputs":{"host":{"connectionName":"shared_powerappsforadmins","operationId":"Get-AdminApps","apiId":"/providers/Microsoft.PowerApps/apis/shared_powerappsforadmins"},"parameters":{"environment":"Default-b34d7ff3-2f25-4c62-a42b-8d7b393a2a01","api-version":"2016-11-01","$top":250},"authentication":"@parameters('$authentication')"}},"Apply_to_each_-_App":{"foreach":"@outputs('Get_Apps_as_Admin_-_All_apps_in_personal_productivity_environment')?['body/value']","actions":{"Get_user_profile_(V2)_-_Get_app_owner":{"runAfter":{},"type":"OpenApiConnection","inputs":{"host":{"connectionName":"shared_office365users","operationId":"UserProfile_V2","apiId":"/providers/Microsoft.PowerApps/apis/shared_office365users"},"parameters":{"id":"@items('Apply_to_each_-_App')?['properties/owner/id']"},"authentication":"@parameters('$authentication')"}},"Condition_-_Check_if_account_is_disabled":{"actions":{},"runAfter":{"Get_user_profile_(V2)_-_Get_app_owner":["Succeeded"]},"else":{"actions":{"Get_manager_(V2)_-_Get_app_owners_line_manager":{"runAfter":{},"type":"OpenApiConnection","inputs":{"host":{"connectionName":"shared_office365users","operationId":"Manager_V2","apiId":"/providers/Microsoft.PowerApps/apis/shared_office365users"},"parameters":{"id":"@outputs('Get_user_profile_(V2)_-_Get_app_owner')?['body/userPrincipalName']"},"authentication":"@parameters('$authentication')"}},"PostAdaptiveCardToManager":{"runAfter":{"Get_manager_(V2)_-_Get_app_owners_line_manager":["Succeeded"]},"type":"OpenApiConnectionWebhook","inputs":{"host":{"connectionName":"shared_teams","operationId":"SubscribeUserFlowContinuation","apiId":"/providers/Microsoft.PowerApps/apis/shared_teams"},"parameters":{"UserFlowContinuationSubscriptionRequest/body/recipient/to":"@{outputs('Get_manager_(V2)_-_Get_app_owners_line_manager')?['body/mail']};","UserFlowContinuationSubscriptionRequest/body/messageBody":"{\n    \"type\": \"AdaptiveCard\",\n    \"$schema\": \"http://adaptivecards.io/schemas/adaptive-card.json\",\n    \"version\": \"1.2\",\n    \"body\": [\n        {\n            \"type\": \"TextBlock\",\n            \"wrap\": true,\n            \"text\": \"Notification\",\n            \"size\": \"Large\",\n            \"weight\": \"Bolder\",\n            \"color\": \"Attention\"\n        },\n        {\n            \"type\": \"Container\",\n            \"items\": [\n                {\n                    \"type\": \"TextBlock\",\n                    \"text\": \"We need your help...\",\n                    \"wrap\": true,\n                    \"weight\": \"Bolder\"\n                }\n            ]\n        },\n        {\n            \"type\": \"Container\",\n            \"items\": [\n                {\n                    \"type\": \"TextBlock\",\n                    \"text\": \"One of your direct reports (@{outputs('Get_user_profile_(V2)_-_Get_app_owner')?['body/displayName']}) account has been disabled. They own a Power App and we need you to help decide what to do as you are the line manager. Please review the details below, and recommend an  action.\",\n                    \"wrap\": true,\n                    \"size\": \"Small\"\n                },\n                {\n                    \"type\": \"Container\",\n                    \"items\": [\n                        {\n                            \"type\": \"TextBlock\",\n                            \"text\": \"App details\",\n                            \"wrap\": true,\n                            \"weight\": \"Bolder\"\n                        },\n                        {\n                            \"type\": \"ColumnSet\",\n                            \"columns\": [\n                                {\n                                    \"type\": \"Column\",\n                                    \"width\": \"stretch\",\n                                    \"items\": [\n                                        {\n                                            \"type\": \"TextBlock\",\n                                            \"text\": \"App name:\",\n                                            \"wrap\": true,\n                                            \"color\": \"Accent\"\n                                        }\n                                    ]\n                                },\n                                {\n                                    \"type\": \"Column\",\n                                    \"width\": \"stretch\",\n                                    \"items\": [\n                                        {\n                                            \"type\": \"TextBlock\",\n                                            \"text\": \"@{items('Apply_to_each_-_App')?['properties/displayName']}\",\n                                            \"wrap\": true\n                                        }\n                                    ]\n                                }\n                            ]\n                        }\n                    ]\n                }\n            ]\n        },\n        {\n            \"type\": \"ColumnSet\",\n            \"columns\": [\n                {\n                    \"type\": \"Column\",\n                    \"width\": \"stretch\",\n                    \"items\": [\n                        {\n                            \"type\": \"TextBlock\",\n                            \"text\": \"Created date:\",\n                            \"wrap\": true,\n                            \"color\": \"Accent\"\n                        }\n                    ]\n                },\n                {\n                    \"type\": \"Column\",\n                    \"width\": \"stretch\",\n                    \"items\": [\n                        {\n                            \"type\": \"TextBlock\",\n                            \"text\": \"@{items('Apply_to_each_-_App')?['properties/createdTime']}\",\n                            \"wrap\": true\n                        }\n                    ]\n                }\n            ]\n        },\n        {\n            \"type\": \"Container\",\n            \"items\": [\n                {\n                    \"type\": \"ColumnSet\",\n                    \"columns\": [\n                        {\n                            \"type\": \"Column\",\n                            \"width\": \"stretch\",\n                            \"items\": [\n                                {\n                                    \"type\": \"TextBlock\",\n                                    \"text\": \"App description:\",\n                                    \"wrap\": true,\n                                    \"color\": \"Accent\"\n                                }\n                            ]\n                        },\n                        {\n                            \"type\": \"Column\",\n                            \"width\": \"stretch\",\n                            \"items\": [\n                                {\n                                    \"type\": \"TextBlock\",\n                                    \"text\": \"@{items('Apply_to_each_-_App')?['properties/description']}\",\n                                    \"wrap\": true\n                                }\n                            ]\n                        }\n                    ]\n                },\n                {\n                    \"type\": \"TextBlock\",\n                    \"text\": \"What should we do?\",\n                    \"wrap\": true\n                }\n            ]\n        },\n        {\n            \"type\": \"Input.ChoiceSet\",\n            \"choices\": [\n                {\n                    \"title\": \"Nothing\",\n                    \"value\": \"0\"\n                },\n                {\n                    \"title\": \"Delete the app\",\n                    \"value\": \"1\"\n                },\n                {\n                    \"title\": \"Reassign the app\",\n                    \"value\": \"2\"\n                }\n            ],\n            \"id\": \"mgrRecommendation\"\n        },\n        {\n            \"type\": \"Container\",\n            \"items\": [\n                {\n                    \"type\": \"TextBlock\",\n                    \"text\": \"If you want us to reassign the app, please provide the email address of the new owner.\",\n                    \"wrap\": true,\n                    \"size\": \"Small\"\n                }\n            ]\n        },\n        {\n            \"type\": \"Input.Text\",\n            \"id\": \"newOwnerEmail\"\n        },\n        {\n            \"type\": \"Container\"\n        },\n        {\n            \"type\": \"ActionSet\",\n            \"actions\": [\n                {\n                    \"type\": \"Action.Submit\",\n                    \"title\": \"Submit\"\n                }\n            ]\n        }\n    ]\n}","UserFlowContinuationSubscriptionRequest/body/updateMessage":"Thank you for letting us know!","UserFlowContinuationSubscriptionRequest/body/shouldUpdateCard":true},"authentication":"@parameters('$authentication')"}},"Condition_-_check_if_delete_app":{"actions":{"Remove_App_as_Admin":{"runAfter":{},"type":"OpenApiConnection","inputs":{"host":{"connectionName":"shared_powerappsforadmins","operationId":"Remove-AdminApp","apiId":"/providers/Microsoft.PowerApps/apis/shared_powerappsforadmins"},"parameters":{"environment":"@items('Apply_to_each_-_App')?['properties/environment/name']","app":"@items('Apply_to_each_-_App')?['name']","api-version":"2016-11-01"},"authentication":"@parameters('$authentication')"}},"Post_message_in_a_chat_or_channel_-_Notify_line_manager":{"runAfter":{"Remove_App_as_Admin":["Succeeded"]},"type":"OpenApiConnection","inputs":{"host":{"connectionName":"shared_teams","operationId":"PostMessageToConversation","apiId":"/providers/Microsoft.PowerApps/apis/shared_teams"},"parameters":{"poster":"Flow bot","location":"Chat with Flow bot","body/recipient":"@{outputs('Get_manager_(V2)_-_Get_app_owners_line_manager')?['body/mail']};","body/messageBody":"<p>Following your recommendation, we have now removed the following app from the Personal productivity environment:<br>\n<br>\n@{items('Apply_to_each_-_App')?['properties/displayName']}</p>"},"authentication":"@parameters('$authentication')"},"description":"Notify line manager that app has been deleted."},"Post_a_message_as_the_Flow_bot_to_a_channel_-_Notify_Admin_team":{"runAfter":{"Remove_App_as_Admin":["Failed","TimedOut"]},"type":"OpenApiConnection","inputs":{"host":{"connectionName":"shared_teams","operationId":"PostChannelNotification","apiId":"/providers/Microsoft.PowerApps/apis/shared_teams"},"parameters":{"groupId":"4ae0a67c-eaa9-4081-9d10-0ec972caea16","PostNotificationRequest/recipient/channelId":"19:8992f66662bf4145a34ece452787a118@thread.tacv2","PostNotificationRequest/messageBody":"App removal failure","PostNotificationRequest/messageTitle":"The following app failed to remove following line manager recommendation:\n\nAppId : @{items('Apply_to_each_-_App')?['name']}\nEnvironmentId: @{items('Apply_to_each_-_App')?['properties/environment/name']}\n\nApproved for deletion by: @{outputs('Get_manager_(V2)_-_Get_app_owners_line_manager')?['body/displayName']}"},"authentication":"@parameters('$authentication')"},"description":"If app removal fails or times out, notify admin channel"}},"runAfter":{"Set_variable_-_mgrRecommendation":["Succeeded"]},"else":{"actions":{"Condition_-_check_if_reassign_app":{"actions":{"Set_variable_-_new_owner_email":{"runAfter":{},"type":"SetVariable","inputs":{"name":"vNewOwnerEmail","value":"@{body('PostAdaptiveCardToManager').data.newOwnerEmail}"}},"Get_user_profile_(V2)_-_new_owner_profile":{"runAfter":{"Set_variable_-_new_owner_email":["Succeeded"]},"type":"OpenApiConnection","inputs":{"host":{"connectionName":"shared_office365users","operationId":"UserProfile_V2","apiId":"/providers/Microsoft.PowerApps/apis/shared_office365users"},"parameters":{"id":"@variables('vNewOwnerEmail')"},"authentication":"@parameters('$authentication')"}},"Set_App_Owner_-_new_owner_Id":{"runAfter":{"Get_user_profile_(V2)_-_new_owner_profile":["Succeeded"]},"type":"OpenApiConnection","inputs":{"host":{"connectionName":"shared_powerappsforadmins","operationId":"Set-AdminAppOwner","apiId":"/providers/Microsoft.PowerApps/apis/shared_powerappsforadmins"},"parameters":{"environment":"@items('Apply_to_each_-_App')?['properties/environment/name']","app":"@items('Apply_to_each_-_App')?['name']","api-version":"2016-11-01","Content-Type":" application/json","body/roleForOldAppOwner":"CanView","body/newAppOwner":"@outputs('Get_user_profile_(V2)_-_new_owner_profile')?['body/id']"},"authentication":"@parameters('$authentication')"}},"Post_message_in_a_chat_or_channel_-_new_owner":{"runAfter":{"Set_App_Owner_-_new_owner_Id":["Succeeded"]},"type":"OpenApiConnection","inputs":{"host":{"connectionName":"shared_teams","operationId":"PostMessageToConversation","apiId":"/providers/Microsoft.PowerApps/apis/shared_teams"},"parameters":{"poster":"Flow bot","location":"Chat with Flow bot","body/recipient":"@{outputs('Get_user_profile_(V2)_-_new_owner_profile')?['body/mail']};","body/messageBody":"<p>Hi. &nbsp;<br>\n<br>\n@{outputs('Get_manager_(V2)_-_Get_app_owners_line_manager')?['body/displayName']} has nominated you as the new owner of the following Power App:<br>\n<br>\nApp name: &nbsp;@{items('Apply_to_each_-_App')?['properties/displayName']}</p>"},"authentication":"@parameters('$authentication')"}}},"runAfter":{},"expression":{"equals":["@variables('vMgrRecommendation')","2"]},"type":"If"}}},"expression":{"equals":["@variables('vMgrRecommendation')","1"]},"type":"If"},"Set_variable_-_mgrRecommendation":{"runAfter":{"PostAdaptiveCardToManager":["Succeeded"]},"type":"SetVariable","inputs":{"name":"vMgrRecommendation","value":"@{body('PostAdaptiveCardToManager').data.mgrRecommendation}"}}}},"expression":{"equals":["@outputs('Get_user_profile_(V2)_-_Get_app_owner')?['body/accountEnabled']",true]},"type":"If"}},"runAfter":{"Get_Apps_as_Admin_-_All_apps_in_personal_productivity_environment":["Succeeded"]},"type":"Foreach","runtimeConfiguration":{"concurrency":{"repetitions":1}}}},"outputs":{}},"connectionReferences":{"shared_powerappsforadmins":{"source":"Embedded","id":"/providers/Microsoft.PowerApps/apis/shared_powerappsforadmins","tier":"NotSpecified"},"shared_office365users":{"source":"Embedded","id":"/providers/Microsoft.PowerApps/apis/shared_office365users","tier":"NotSpecified"},"shared_teams":{"source":"Embedded","id":"/providers/Microsoft.PowerApps/apis/shared_teams","tier":"NotSpecified"}},"flowFailureAlertSubscribed":false}}