{
  "contextVariables": [
    {
      "systemType": "String",
      "initializerType": "Expression",
      "scope": "Session",
      "greedySlotFillingEnabled": false,
      "isInput": false,
      "externalInitializationAllowed": false,
      "expression": "@parameters('1cd9d6fc-250d-406d-a32a-eb01b6efddc5')['score']",
      "isGlobal": true,
      "id": "new_variable_a2b8f681b9404620b4409b354a9156b5_7f71eea1688d44a687b83916f31633bd",
      "displayName": "EnvironmentResult",
      "createdTime": "2021-01-29T09:24:58.802Z",
      "updatedTime": "2021-01-29T09:24:58.802Z",
      "createdUserId": "user-0",
      "updatedUserId": "user-0"
    }
  ],
  "createdUtc": "0001-01-01T00:00:00Z"
}