<bot_botcomponentset>
  <bot_botcomponent botcomponentid.schemaname="new_customtype_a2b8f681b9404620b4409b354a9156b5_92610204747047ac8f788f7eecd91118" botid.schemaname="new_bot_a2b8f681b9404620b4409b354a9156b5">
    <iscustomizable>1</iscustomizable>
  </bot_botcomponent>
  <bot_botcomponent botcomponentid.schemaname="new_customtype_a2b8f681b9404620b4409b354a9156b5_f86fcadfd497444e91ed11c12b059d10" botid.schemaname="new_bot_a2b8f681b9404620b4409b354a9156b5">
    <iscustomizable>1</iscustomizable>
  </bot_botcomponent>
  <bot_botcomponent botcomponentid.schemaname="new_topic_43d71611f191439bb49b8acfff24aa3d" botid.schemaname="new_bot_a2b8f681b9404620b4409b354a9156b5">
    <iscustomizable>1</iscustomizable>
  </bot_botcomponent>
  <bot_botcomponent botcomponentid.schemaname="new_topic_673f87124481438b829a45faa527bfbe" botid.schemaname="new_bot_a2b8f681b9404620b4409b354a9156b5">
    <iscustomizable>1</iscustomizable>
  </bot_botcomponent>
  <bot_botcomponent botcomponentid.schemaname="new_topic_932fb6fd3dd249debd359f89ae93993c" botid.schemaname="new_bot_a2b8f681b9404620b4409b354a9156b5">
    <iscustomizable>1</iscustomizable>
  </bot_botcomponent>
  <bot_botcomponent botcomponentid.schemaname="new_topic_a2b8f681b9404620b4409b354a9156b5_21a34f1673a24096a99ba0effb63cc1d" botid.schemaname="new_bot_a2b8f681b9404620b4409b354a9156b5">
    <iscustomizable>1</iscustomizable>
  </bot_botcomponent>
  <bot_botcomponent botcomponentid.schemaname="new_topic_a2b8f681b9404620b4409b354a9156b5_33d5123770ba4daeafae51b361ddc80a" botid.schemaname="new_bot_a2b8f681b9404620b4409b354a9156b5">
    <iscustomizable>1</iscustomizable>
  </bot_botcomponent>
  <bot_botcomponent botcomponentid.schemaname="new_topic_a2b8f681b9404620b4409b354a9156b5_3d2584ec30914684839527e05e7be172_thankyou" botid.schemaname="new_bot_a2b8f681b9404620b4409b354a9156b5">
    <iscustomizable>1</iscustomizable>
  </bot_botcomponent>
  <bot_botcomponent botcomponentid.schemaname="new_topic_a2b8f681b9404620b4409b354a9156b5_85df75ce08a44a9b82cc8f3fdb25f669" botid.schemaname="new_bot_a2b8f681b9404620b4409b354a9156b5">
    <iscustomizable>1</iscustomizable>
  </bot_botcomponent>
  <bot_botcomponent botcomponentid.schemaname="new_topic_a2b8f681b9404620b4409b354a9156b5_8a4964498f83424bb3a86295bf7d0952_startover" botid.schemaname="new_bot_a2b8f681b9404620b4409b354a9156b5">
    <iscustomizable>1</iscustomizable>
  </bot_botcomponent>
  <bot_botcomponent botcomponentid.schemaname="new_topic_a2b8f681b9404620b4409b354a9156b5_954135cafcd647eaae5999ad91fc08cf_talktoagent" botid.schemaname="new_bot_a2b8f681b9404620b4409b354a9156b5">
    <iscustomizable>1</iscustomizable>
  </bot_botcomponent>
  <bot_botcomponent botcomponentid.schemaname="new_topic_a2b8f681b9404620b4409b354a9156b5_aeabea4d071f415c8c107e1cb7af5424_assumedsuccess" botid.schemaname="new_bot_a2b8f681b9404620b4409b354a9156b5">
    <iscustomizable>1</iscustomizable>
  </bot_botcomponent>
  <bot_botcomponent botcomponentid.schemaname="new_topic_a2b8f681b9404620b4409b354a9156b5_ba7b967c97ba4c39bca58a8bb6a72d59_conversationstart" botid.schemaname="new_bot_a2b8f681b9404620b4409b354a9156b5">
    <iscustomizable>1</iscustomizable>
  </bot_botcomponent>
  <bot_botcomponent botcomponentid.schemaname="new_topic_a2b8f681b9404620b4409b354a9156b5_d2198a5ee41a48a5bf70ab8970145a9f_confirmedfailure" botid.schemaname="new_bot_a2b8f681b9404620b4409b354a9156b5">
    <iscustomizable>1</iscustomizable>
  </bot_botcomponent>
  <bot_botcomponent botcomponentid.schemaname="new_topic_a2b8f681b9404620b4409b354a9156b5_db1f76b081dc43389df9dd2df7518737_confirmedsuccess" botid.schemaname="new_bot_a2b8f681b9404620b4409b354a9156b5">
    <iscustomizable>1</iscustomizable>
  </bot_botcomponent>
  <bot_botcomponent botcomponentid.schemaname="new_topic_a2b8f681b9404620b4409b354a9156b5_dbafebd526364487911b63a2a774389f" botid.schemaname="new_bot_a2b8f681b9404620b4409b354a9156b5">
    <iscustomizable>1</iscustomizable>
  </bot_botcomponent>
  <bot_botcomponent botcomponentid.schemaname="new_topic_a2b8f681b9404620b4409b354a9156b5_f56d1a3e522740c78f9fac0939332dbd_goodbye" botid.schemaname="new_bot_a2b8f681b9404620b4409b354a9156b5">
    <iscustomizable>1</iscustomizable>
  </bot_botcomponent>
  <bot_botcomponent botcomponentid.schemaname="new_variable_a2b8f681b9404620b4409b354a9156b5_7f71eea1688d44a687b83916f31633bd" botid.schemaname="new_bot_a2b8f681b9404620b4409b354a9156b5">
    <iscustomizable>1</iscustomizable>
  </bot_botcomponent>
</bot_botcomponentset>