<botcomponent_botcomponentset>
  <botcomponent_botcomponent botcomponentidone.schemaname="new_topic_43d71611f191439bb49b8acfff24aa3d" botcomponentidtwo.schemaname="new_topic_a2b8f681b9404620b4409b354a9156b5_f56d1a3e522740c78f9fac0939332dbd_goodbye">
    <iscustomizable>1</iscustomizable>
  </botcomponent_botcomponent>
  <botcomponent_botcomponent botcomponentidone.schemaname="new_topic_43d71611f191439bb49b8acfff24aa3d" botcomponentidtwo.schemaname="new_variable_a2b8f681b9404620b4409b354a9156b5_7f71eea1688d44a687b83916f31633bd">
    <iscustomizable>1</iscustomizable>
  </botcomponent_botcomponent>
  <botcomponent_botcomponent botcomponentidone.schemaname="new_topic_673f87124481438b829a45faa527bfbe" botcomponentidtwo.schemaname="new_topic_a2b8f681b9404620b4409b354a9156b5_f56d1a3e522740c78f9fac0939332dbd_goodbye">
    <iscustomizable>1</iscustomizable>
  </botcomponent_botcomponent>
  <botcomponent_botcomponent botcomponentidone.schemaname="new_topic_932fb6fd3dd249debd359f89ae93993c" botcomponentidtwo.schemaname="new_topic_a2b8f681b9404620b4409b354a9156b5_f56d1a3e522740c78f9fac0939332dbd_goodbye">
    <iscustomizable>1</iscustomizable>
  </botcomponent_botcomponent>
  <botcomponent_botcomponent botcomponentidone.schemaname="new_topic_a2b8f681b9404620b4409b354a9156b5_ba7b967c97ba4c39bca58a8bb6a72d59_conversationstart" botcomponentidtwo.schemaname="new_topic_43d71611f191439bb49b8acfff24aa3d">
    <iscustomizable>1</iscustomizable>
  </botcomponent_botcomponent>
  <botcomponent_botcomponent botcomponentidone.schemaname="new_topic_a2b8f681b9404620b4409b354a9156b5_ba7b967c97ba4c39bca58a8bb6a72d59_conversationstart" botcomponentidtwo.schemaname="new_topic_673f87124481438b829a45faa527bfbe">
    <iscustomizable>1</iscustomizable>
  </botcomponent_botcomponent>
  <botcomponent_botcomponent botcomponentidone.schemaname="new_topic_a2b8f681b9404620b4409b354a9156b5_ba7b967c97ba4c39bca58a8bb6a72d59_conversationstart" botcomponentidtwo.schemaname="new_topic_a2b8f681b9404620b4409b354a9156b5_f56d1a3e522740c78f9fac0939332dbd_goodbye">
    <iscustomizable>1</iscustomizable>
  </botcomponent_botcomponent>
</botcomponent_botcomponentset>