<botcomponent_workflowset>
  <botcomponent_workflow botcomponentid.schemaname="new_topic_43d71611f191439bb49b8acfff24aa3d" workflowid.workflowid="2cde827b-7b64-eb11-a812-000d3ab6a140">
    <iscustomizable>1</iscustomizable>
  </botcomponent_workflow>
  <botcomponent_workflow botcomponentid.schemaname="new_topic_43d71611f191439bb49b8acfff24aa3d" workflowid.workflowid="bf0433a4-8860-eb11-a812-000d3adc846d">
    <iscustomizable>1</iscustomizable>
  </botcomponent_workflow>
  <botcomponent_workflow botcomponentid.schemaname="new_topic_673f87124481438b829a45faa527bfbe" workflowid.workflowid="f1738ba5-d2e6-ea11-a817-000d3a666d40">
    <iscustomizable>1</iscustomizable>
  </botcomponent_workflow>
  <botcomponent_workflow botcomponentid.schemaname="new_topic_932fb6fd3dd249debd359f89ae93993c" workflowid.workflowid="21ab21f8-1466-eb11-a812-000d3ab6a140">
    <iscustomizable>1</iscustomizable>
  </botcomponent_workflow>
</botcomponent_workflowset>