{"name":"5f1171ca-9349-4a81-b3ca-6c54e22779c2","id":"/providers/Microsoft.Flow/flows/5f1171ca-9349-4a81-b3ca-6c54e22779c2","type":"Microsoft.Flow/flows","properties":{"apiId":"/providers/Microsoft.PowerApps/apis/shared_logicflows","displayName":"Manage-OverSharedApps","definition":{"$schema":"https://schema.management.azure.com/providers/Microsoft.Logic/schemas/2016-06-01/workflowdefinition.json#","contentVersion":"1.0.0.0","parameters":{"$connections":{"defaultValue":{},"type":"Object"},"$authentication":{"defaultValue":{},"type":"SecureObject"}},"triggers":{"Recurrence":{"recurrence":{"frequency":"Week","interval":1,"timeZone":"UTC","schedule":{"weekDays":["Wednesday"]}},"type":"Recurrence"}},"actions":{"Initialize_variable_(int)_-_maximum_shared_users":{"runAfter":{"Initialize_variable_(string)_-_environment_Id":["Succeeded"]},"type":"InitializeVariable","inputs":{"variables":[{"name":"vSharedUsersMaximum","type":"integer","value":20}]},"description":"Set this variable to the value representing the maximum number of users an app is shared with."},"Initialize_variable_(int)_-_total_share_count":{"runAfter":{"Initialize_variable_(int)_-_maximum_shared_users":["Succeeded"]},"type":"InitializeVariable","inputs":{"variables":[{"name":"vTotalShares","type":"integer"}]},"description":"This is set when total number (group members and users) are calculated."},"Initialize_variable_(array)_-_group_names_":{"runAfter":{"Initialize_variable_(int)_-_shared_users_count":["Succeeded"]},"type":"InitializeVariable","inputs":{"variables":[{"name":"vGroupNames","type":"array"}]}},"Get_Apps_as_Admin":{"runAfter":{"Initialize_variable_(array)_-_group_names_":["Succeeded"]},"type":"OpenApiConnection","inputs":{"host":{"connectionName":"shared_powerappsforadmins","operationId":"Get-AdminApps","apiId":"/providers/Microsoft.PowerApps/apis/shared_powerappsforadmins"},"parameters":{"environment":"@variables('vEnvironmentId')","api-version":"2016-11-01","$top":250},"authentication":"@parameters('$authentication')"}},"Initialize_variable_(string)_-_environment_Id":{"runAfter":{},"type":"InitializeVariable","inputs":{"variables":[{"name":"vEnvironmentId","type":"string","value":"Default-b34d7ff3-2f25-4c62-a42b-8d7b393a2a01"}]}},"Apply_to_each_-_iterate_app_metadata":{"foreach":"@outputs('Get_Apps_as_Admin')?['body/value']","actions":{"Set_variable_-_sharedUsersCount":{"runAfter":{},"type":"SetVariable","inputs":{"name":"vSharedUsersCount","value":"@items('Apply_to_each_-_iterate_app_metadata')?['properties/sharedUsersCount']"}},"Condition_-_sharedGroups_count_":{"actions":{"Get_App_Role_Assignments_as_Admin_":{"runAfter":{},"type":"OpenApiConnection","inputs":{"host":{"connectionName":"shared_powerappsforadmins","operationId":"Get-AdminAppRoleAssignment","apiId":"/providers/Microsoft.PowerApps/apis/shared_powerappsforadmins"},"parameters":{"environment":"@variables('vEnvironmentId')","app":"@items('Apply_to_each_-_iterate_app_metadata')?['name']","api-version":"2016-11-01","$top":250},"authentication":"@parameters('$authentication')"}},"Apply_to_each_-_iterate_role_assignments_":{"foreach":"@outputs('Get_App_Role_Assignments_as_Admin_')?['body/value']","actions":{"Condition_-_check_assignment_type_(group)_":{"actions":{"GetGroupMembers":{"runAfter":{},"type":"OpenApiConnection","inputs":{"host":{"connectionName":"shared_azuread","operationId":"GetGroupMembers","apiId":"/providers/Microsoft.PowerApps/apis/shared_azuread"},"parameters":{"id":"@items('Apply_to_each_-_iterate_role_assignments_')?['properties/principal/id']"},"authentication":"@parameters('$authentication')"}},"Set_variable_-_group_members_count":{"runAfter":{"GetGroupMembers":["Succeeded"]},"type":"SetVariable","inputs":{"name":"vGroupMembersCount","value":"@length(body('GetGroupMembers')?['value'])"}},"Condition_-_check_if_group_member_total_exceed_sharing_limit":{"actions":{"Notify_app_owner_-_sharedGroupsCount_exceeded":{"runAfter":{},"type":"OpenApiConnectionWebhook","inputs":{"host":{"connectionName":"shared_teams","operationId":"SubscribeUserFlowContinuation","apiId":"/providers/Microsoft.PowerApps/apis/shared_teams"},"parameters":{"UserFlowContinuationSubscriptionRequest/body/recipient/to":"@{items('Apply_to_each_-_iterate_app_metadata')?['properties/owner/email']};","UserFlowContinuationSubscriptionRequest/body/messageBody":"{\n    \"type\": \"AdaptiveCard\",\n    \"$schema\": \"http://adaptivecards.io/schemas/adaptive-card.json\",\n    \"version\": \"1.2\",\n    \"body\": [\n        {\n            \"type\": \"TextBlock\",\n            \"wrap\": true,\n            \"text\": \"Important update about your Power App\",\n            \"size\": \"Large\",\n            \"weight\": \"Bolder\",\n            \"color\": \"Attention\"\n        },\n        {\n            \"type\": \"Container\",\n            \"items\": [\n                {\n                    \"type\": \"Container\",\n                    \"items\": [\n                        {\n                            \"type\": \"TextBlock\",\n                            \"text\": \"Hi @{items('Apply_to_each_-_iterate_app_metadata')?['properties/owner/displayName']}.  As part of our proactive monitoring, we detected that you shared your app with more people than we would like. As per our usage guidelines for personal productivity environment, we want to make sure that apps built in the personal productivity environment are for personal, or small/ non-permanent teams (such as projects, etc). As such, we have a sharing limit of @{variables('vSharedUsersMaximum')} . \\n\\nYour app is currently shared with @{variables('vGroupMembersCount')}  users.  \\n\\nWe have two options for you below.\",\n                            \"wrap\": true\n                        },\n                        {\n                            \"type\": \"Container\",\n                            \"items\": [\n                                {\n                                    \"type\": \"Container\",\n                                    \"items\": [\n                                        {\n                                            \"type\": \"ColumnSet\",\n                                            \"columns\": [\n                                                {\n                                                    \"type\": \"Column\",\n                                                    \"width\": \"stretch\",\n                                                    \"items\": [\n                                                        {\n                                                            \"type\": \"TextBlock\",\n                                                            \"text\": \"App name\",\n                                                            \"wrap\": true,\n                                                            \"weight\": \"Bolder\"\n                                                        }\n                                                    ]\n                                                },\n                                                {\n                                                    \"type\": \"Column\",\n                                                    \"width\": \"stretch\",\n                                                    \"items\": [\n                                                        {\n                                                            \"type\": \"TextBlock\",\n                                                            \"text\": \"@{items('Apply_to_each_-_iterate_app_metadata')?['properties/displayName']}\",\n                                                            \"wrap\": true\n                                                        }\n                                                    ]\n                                                }\n                                            ]\n                                        }\n                                    ]\n                                }\n                            ]\n                        }\n                    ]\n                }\n            ]\n        },\n        {\n            \"type\": \"Container\",\n            \"items\": [\n                {\n                    \"type\": \"TextBlock\",\n                    \"text\": \"Here's what you can do\",\n                    \"wrap\": true,\n                    \"color\": \"Accent\",\n                    \"weight\": \"Bolder\",\n                    \"size\": \"Large\"\n                },\n                {\n                    \"type\": \"Container\",\n                    \"items\": [\n                        {\n                            \"type\": \"TextBlock\",\n                            \"text\": \"You can reduce the number of users that you share the app with, or we can work with you to move the app to a more appropriate environment.\",\n                            \"wrap\": true\n                        }\n                    ]\n                }\n            ]\n        },\n        {\n            \"type\": \"Container\",\n            \"items\": [\n                {\n                    \"type\": \"ColumnSet\",\n                    \"columns\": [\n                        {\n                            \"type\": \"Column\",\n                            \"width\": \"stretch\",\n                            \"items\": [\n                                {\n                                    \"type\": \"TextBlock\",\n                                    \"text\": \"I would like to:\",\n                                    \"wrap\": true\n                                }\n                            ]\n                        },\n                        {\n                            \"type\": \"Column\",\n                            \"width\": \"stretch\",\n                            \"items\": [\n                                {\n                                    \"type\": \"Input.ChoiceSet\",\n                                    \"choices\": [\n                                        {\n                                            \"title\": \"Reduced sharing\",\n                                            \"value\": \"Reduced sharing\"\n                                        },\n                                        {\n                                            \"title\": \"Move the app\",\n                                            \"value\": \"Move the app\"\n                                        }\n                                    ],\n                                    \"placeholder\": \"Please select\",\n                                    \"id\": \"ownerChoice\"\n                                }\n                            ]\n                        }\n                    ]\n                }\n            ]\n        },\n        {\n            \"type\": \"Container\"\n        },\n        {\n            \"type\": \"Container\",\n            \"items\": [\n                {\n                    \"type\": \"ColumnSet\",\n                    \"columns\": [\n                        {\n                            \"type\": \"Column\",\n                            \"width\": \"stretch\",\n                            \"items\": [\n                                {\n                                    \"type\": \"TextBlock\",\n                                    \"text\": \"When ready, click submit\",\n                                    \"wrap\": true\n                                }\n                            ]\n                        },\n                        {\n                            \"type\": \"Column\",\n                            \"width\": \"stretch\",\n                            \"items\": [\n                                {\n                                    \"type\": \"ActionSet\",\n                                    \"actions\": [\n                                        {\n                                            \"type\": \"Action.Submit\",\n                                            \"title\": \"Submit\"\n                                        }\n                                    ]\n                                }\n                            ]\n                        }\n                    ]\n                }\n            ]\n        }\n    ]\n}","UserFlowContinuationSubscriptionRequest/body/updateMessage":"Thank you!","UserFlowContinuationSubscriptionRequest/body/shouldUpdateCard":true},"authentication":"@parameters('$authentication')"}}},"runAfter":{"Set_variable_-_total_shares_(group_count_and_sharedUsersCount)":["Succeeded"]},"else":{"actions":{"Condition_-_check_total_share_number_(group_members_and_sharedUsersCount)":{"actions":{"Notify_app_owner_-_sharedUsers_and_group_members_total_exceeded_":{"runAfter":{},"type":"OpenApiConnectionWebhook","inputs":{"host":{"connectionName":"shared_teams","operationId":"SubscribeUserFlowContinuation","apiId":"/providers/Microsoft.PowerApps/apis/shared_teams"},"parameters":{"UserFlowContinuationSubscriptionRequest/body/recipient/to":"@{items('Apply_to_each_-_iterate_app_metadata')?['properties/owner/email']};","UserFlowContinuationSubscriptionRequest/body/messageBody":"{\n    \"type\": \"AdaptiveCard\",\n    \"$schema\": \"http://adaptivecards.io/schemas/adaptive-card.json\",\n    \"version\": \"1.2\",\n    \"body\": [\n        {\n            \"type\": \"TextBlock\",\n            \"wrap\": true,\n            \"text\": \"Important update about your Power App\",\n            \"size\": \"Large\",\n            \"weight\": \"Bolder\",\n            \"color\": \"Attention\"\n        },\n        {\n            \"type\": \"Container\",\n            \"items\": [\n                {\n                    \"type\": \"Container\",\n                    \"items\": [\n                        {\n                            \"type\": \"TextBlock\",\n                            \"text\": \"Hi @{items('Apply_to_each_-_iterate_app_metadata')?['properties/owner/displayName']}.  As part of our proactive monitoring, we detected that you shared your app with more people than we would like. As per our usage guidelines for personal productivity environment, we want to make sure that apps built in the personal productivity environment are for personal, or small/ non-permanent teams (such as projects, etc). As such, we have a sharing limit of @{variables('vSharedUsersMaximum')} . \\n\\nYour app is currently shared with @{variables('vTotalShares')}  users.  \\n\\nWe have two options for you below.\",\n                            \"wrap\": true\n                        },\n                        {\n                            \"type\": \"Container\",\n                            \"items\": [\n                                {\n                                    \"type\": \"Container\",\n                                    \"items\": [\n                                        {\n                                            \"type\": \"ColumnSet\",\n                                            \"columns\": [\n                                                {\n                                                    \"type\": \"Column\",\n                                                    \"width\": \"stretch\",\n                                                    \"items\": [\n                                                        {\n                                                            \"type\": \"TextBlock\",\n                                                            \"text\": \"App name\",\n                                                            \"wrap\": true,\n                                                            \"weight\": \"Bolder\"\n                                                        }\n                                                    ]\n                                                },\n                                                {\n                                                    \"type\": \"Column\",\n                                                    \"width\": \"stretch\",\n                                                    \"items\": [\n                                                        {\n                                                            \"type\": \"TextBlock\",\n                                                            \"text\": \"@{items('Apply_to_each_-_iterate_app_metadata')?['properties/displayName']}\",\n                                                            \"wrap\": true\n                                                        }\n                                                    ]\n                                                }\n                                            ]\n                                        }\n                                    ]\n                                }\n                            ]\n                        }\n                    ]\n                }\n            ]\n        },\n        {\n            \"type\": \"Container\",\n            \"items\": [\n                {\n                    \"type\": \"TextBlock\",\n                    \"text\": \"Here's what you can do\",\n                    \"wrap\": true,\n                    \"color\": \"Accent\",\n                    \"weight\": \"Bolder\",\n                    \"size\": \"Large\"\n                },\n                {\n                    \"type\": \"Container\",\n                    \"items\": [\n                        {\n                            \"type\": \"TextBlock\",\n                            \"text\": \"You can reduce the number of users that you share the app with, or we can work with you to move the app to a more appropriate environment.\",\n                            \"wrap\": true\n                        }\n                    ]\n                }\n            ]\n        },\n        {\n            \"type\": \"Container\",\n            \"items\": [\n                {\n                    \"type\": \"ColumnSet\",\n                    \"columns\": [\n                        {\n                            \"type\": \"Column\",\n                            \"width\": \"stretch\",\n                            \"items\": [\n                                {\n                                    \"type\": \"TextBlock\",\n                                    \"text\": \"I would like to:\",\n                                    \"wrap\": true\n                                }\n                            ]\n                        },\n                        {\n                            \"type\": \"Column\",\n                            \"width\": \"stretch\",\n                            \"items\": [\n                                {\n                                    \"type\": \"Input.ChoiceSet\",\n                                    \"choices\": [\n                                        {\n                                            \"title\": \"Reduced sharing\",\n                                            \"value\": \"Reduced sharing\"\n                                        },\n                                        {\n                                            \"title\": \"Move the app\",\n                                            \"value\": \"Move the app\"\n                                        }\n                                    ],\n                                    \"placeholder\": \"Please select\",\n                                    \"id\": \"ownerChoice\"\n                                }\n                            ]\n                        }\n                    ]\n                }\n            ]\n        },\n        {\n            \"type\": \"Container\"\n        },\n        {\n            \"type\": \"Container\",\n            \"items\": [\n                {\n                    \"type\": \"ColumnSet\",\n                    \"columns\": [\n                        {\n                            \"type\": \"Column\",\n                            \"width\": \"stretch\",\n                            \"items\": [\n                                {\n                                    \"type\": \"TextBlock\",\n                                    \"text\": \"When ready, click submit\",\n                                    \"wrap\": true\n                                }\n                            ]\n                        },\n                        {\n                            \"type\": \"Column\",\n                            \"width\": \"stretch\",\n                            \"items\": [\n                                {\n                                    \"type\": \"ActionSet\",\n                                    \"actions\": [\n                                        {\n                                            \"type\": \"Action.Submit\",\n                                            \"title\": \"Submit\"\n                                        }\n                                    ]\n                                }\n                            ]\n                        }\n                    ]\n                }\n            ]\n        }\n    ]\n}"},"authentication":"@parameters('$authentication')"}}},"runAfter":{},"expression":{"greater":["@variables('vTotalShares')","@variables('vSharedUsersMaximum')"]},"type":"If"}}},"expression":{"greater":["@variables('vGroupMembersCount')","@variables('vSharedUsersMaximum')"]},"type":"If"},"Set_variable_-_total_shares_(group_count_and_sharedUsersCount)":{"runAfter":{"Set_variable_-_group_members_count":["Succeeded"]},"type":"SetVariable","inputs":{"name":"vTotalShares","value":"@add(variables('vGroupMembersCount'),variables('vSharedUsersCount'))"}}},"runAfter":{},"else":{"actions":{"Condition_-_check_sharedUsersCount":{"actions":{"Notify_app_owner_-_sharedUsersCount_exceeded":{"runAfter":{},"type":"OpenApiConnectionWebhook","inputs":{"host":{"connectionName":"shared_teams","operationId":"SubscribeUserFlowContinuation","apiId":"/providers/Microsoft.PowerApps/apis/shared_teams"},"parameters":{"UserFlowContinuationSubscriptionRequest/body/recipient/to":"@{items('Apply_to_each_-_iterate_app_metadata')?['properties/owner/email']};","UserFlowContinuationSubscriptionRequest/body/messageBody":"{\n    \"type\": \"AdaptiveCard\",\n    \"$schema\": \"http://adaptivecards.io/schemas/adaptive-card.json\",\n    \"version\": \"1.2\",\n    \"body\": [\n        {\n            \"type\": \"TextBlock\",\n            \"wrap\": true,\n            \"text\": \"Important update about your Power App\",\n            \"size\": \"Large\",\n            \"weight\": \"Bolder\",\n            \"color\": \"Attention\"\n        },\n        {\n            \"type\": \"Container\",\n            \"items\": [\n                {\n                    \"type\": \"Container\",\n                    \"items\": [\n                        {\n                            \"type\": \"TextBlock\",\n                            \"text\": \"Hi @{items('Apply_to_each_-_iterate_app_metadata')?['properties/owner/displayName']}.  As part of our proactive monitoring, we detected that you shared your app with more people than we would like. As per our usage guidelines for personal productivity environment, we want to make sure that apps built in the personal productivity environment are for personal, or small/ non-permanent teams (such as projects, etc). As such, we have a sharing limit of @{variables('vSharedUsersMaximum')} . \\n\\nYour app is currently shared with @{items('Apply_to_each_-_iterate_app_metadata')?['properties/sharedUsersCount']}  users.  \\n\\nWe have two options for you below.\",\n                            \"wrap\": true\n                        },\n                        {\n                            \"type\": \"Container\",\n                            \"items\": [\n                                {\n                                    \"type\": \"Container\",\n                                    \"items\": [\n                                        {\n                                            \"type\": \"ColumnSet\",\n                                            \"columns\": [\n                                                {\n                                                    \"type\": \"Column\",\n                                                    \"width\": \"stretch\",\n                                                    \"items\": [\n                                                        {\n                                                            \"type\": \"TextBlock\",\n                                                            \"text\": \"App name\",\n                                                            \"wrap\": true,\n                                                            \"weight\": \"Bolder\"\n                                                        }\n                                                    ]\n                                                },\n                                                {\n                                                    \"type\": \"Column\",\n                                                    \"width\": \"stretch\",\n                                                    \"items\": [\n                                                        {\n                                                            \"type\": \"TextBlock\",\n                                                            \"text\": \"@{items('Apply_to_each_-_iterate_app_metadata')?['properties/displayName']}\",\n                                                            \"wrap\": true\n                                                        }\n                                                    ]\n                                                }\n                                            ]\n                                        }\n                                    ]\n                                }\n                            ]\n                        }\n                    ]\n                }\n            ]\n        },\n        {\n            \"type\": \"Container\",\n            \"items\": [\n                {\n                    \"type\": \"TextBlock\",\n                    \"text\": \"Here's what you can do\",\n                    \"wrap\": true,\n                    \"color\": \"Accent\",\n                    \"weight\": \"Bolder\",\n                    \"size\": \"Large\"\n                },\n                {\n                    \"type\": \"Container\",\n                    \"items\": [\n                        {\n                            \"type\": \"TextBlock\",\n                            \"text\": \"You can reduce the number of users that you share the app with, or we can work with you to move the app to a more appropriate environment.\",\n                            \"wrap\": true\n                        }\n                    ]\n                }\n            ]\n        },\n        {\n            \"type\": \"Container\",\n            \"items\": [\n                {\n                    \"type\": \"ColumnSet\",\n                    \"columns\": [\n                        {\n                            \"type\": \"Column\",\n                            \"width\": \"stretch\",\n                            \"items\": [\n                                {\n                                    \"type\": \"TextBlock\",\n                                    \"text\": \"I would like to:\",\n                                    \"wrap\": true\n                                }\n                            ]\n                        },\n                        {\n                            \"type\": \"Column\",\n                            \"width\": \"stretch\",\n                            \"items\": [\n                                {\n                                    \"type\": \"Input.ChoiceSet\",\n                                    \"choices\": [\n                                        {\n                                            \"title\": \"Reduced sharing\",\n                                            \"value\": \"Reduced sharing\"\n                                        },\n                                        {\n                                            \"title\": \"Move the app\",\n                                            \"value\": \"Move the app\"\n                                        }\n                                    ],\n                                    \"placeholder\": \"Please select\",\n                                    \"id\": \"ownerChoice\"\n                                }\n                            ]\n                        }\n                    ]\n                }\n            ]\n        },\n        {\n            \"type\": \"Container\"\n        },\n        {\n            \"type\": \"Container\",\n            \"items\": [\n                {\n                    \"type\": \"ColumnSet\",\n                    \"columns\": [\n                        {\n                            \"type\": \"Column\",\n                            \"width\": \"stretch\",\n                            \"items\": [\n                                {\n                                    \"type\": \"TextBlock\",\n                                    \"text\": \"When ready, click submit\",\n                                    \"wrap\": true\n                                }\n                            ]\n                        },\n                        {\n                            \"type\": \"Column\",\n                            \"width\": \"stretch\",\n                            \"items\": [\n                                {\n                                    \"type\": \"ActionSet\",\n                                    \"actions\": [\n                                        {\n                                            \"type\": \"Action.Submit\",\n                                            \"title\": \"Submit\"\n                                        }\n                                    ]\n                                }\n                            ]\n                        }\n                    ]\n                }\n            ]\n        }\n    ]\n}"},"authentication":"@parameters('$authentication')"}}},"runAfter":{},"expression":{"greater":["@items('Apply_to_each_-_iterate_app_metadata')?['properties/sharedUsersCount']","@variables('vSharedUsersMaximum')"]},"type":"If"}}},"expression":{"contains":["@items('Apply_to_each_-_iterate_role_assignments_')?['properties/principal/type']","Group"]},"type":"If"}},"runAfter":{"Get_App_Role_Assignments_as_Admin_":["Succeeded"]},"type":"Foreach","runtimeConfiguration":{"concurrency":{"repetitions":1}}}},"runAfter":{"Set_variable_-_sharedUsersCount":["Succeeded"]},"else":{"actions":{"Condition_-_check_sharedUsersCount_does_not_exceed":{"actions":{"Notify_app_owner_-_sharedUsersCount_exceeded_2":{"runAfter":{},"type":"OpenApiConnectionWebhook","inputs":{"host":{"connectionName":"shared_teams","operationId":"SubscribeUserFlowContinuation","apiId":"/providers/Microsoft.PowerApps/apis/shared_teams"},"parameters":{"UserFlowContinuationSubscriptionRequest/body/recipient/to":"@{items('Apply_to_each_-_iterate_app_metadata')?['properties/owner/email']};","UserFlowContinuationSubscriptionRequest/body/messageBody":"{\n    \"type\": \"AdaptiveCard\",\n    \"$schema\": \"http://adaptivecards.io/schemas/adaptive-card.json\",\n    \"version\": \"1.2\",\n    \"body\": [\n        {\n            \"type\": \"TextBlock\",\n            \"wrap\": true,\n            \"text\": \"Important update about your Power App\",\n            \"size\": \"Large\",\n            \"weight\": \"Bolder\",\n            \"color\": \"Attention\"\n        },\n        {\n            \"type\": \"Container\",\n            \"items\": [\n                {\n                    \"type\": \"Container\",\n                    \"items\": [\n                        {\n                            \"type\": \"TextBlock\",\n                            \"text\": \"Hi @{items('Apply_to_each_-_iterate_app_metadata')?['properties/owner/displayName']}.  As part of our proactive monitoring, we detected that you shared your app with more people than we would like. As per our usage guidelines for personal productivity environment, we want to make sure that apps built in the personal productivity environment are for personal, or small/ non-permanent teams (such as projects, etc). As such, we have a sharing limit of @{variables('vSharedUsersMaximum')} . \\n\\nYour app is currently shared with @{items('Apply_to_each_-_iterate_app_metadata')?['properties/sharedUsersCount']}  users.  \\n\\nWe have two options for you below.\",\n                            \"wrap\": true\n                        },\n                        {\n                            \"type\": \"Container\",\n                            \"items\": [\n                                {\n                                    \"type\": \"Container\",\n                                    \"items\": [\n                                        {\n                                            \"type\": \"ColumnSet\",\n                                            \"columns\": [\n                                                {\n                                                    \"type\": \"Column\",\n                                                    \"width\": \"stretch\",\n                                                    \"items\": [\n                                                        {\n                                                            \"type\": \"TextBlock\",\n                                                            \"text\": \"App name\",\n                                                            \"wrap\": true,\n                                                            \"weight\": \"Bolder\"\n                                                        }\n                                                    ]\n                                                },\n                                                {\n                                                    \"type\": \"Column\",\n                                                    \"width\": \"stretch\",\n                                                    \"items\": [\n                                                        {\n                                                            \"type\": \"TextBlock\",\n                                                            \"text\": \"@{items('Apply_to_each_-_iterate_app_metadata')?['properties/displayName']}\",\n                                                            \"wrap\": true\n                                                        }\n                                                    ]\n                                                }\n                                            ]\n                                        }\n                                    ]\n                                }\n                            ]\n                        }\n                    ]\n                }\n            ]\n        },\n        {\n            \"type\": \"Container\",\n            \"items\": [\n                {\n                    \"type\": \"TextBlock\",\n                    \"text\": \"Here's what you can do\",\n                    \"wrap\": true,\n                    \"color\": \"Accent\",\n                    \"weight\": \"Bolder\",\n                    \"size\": \"Large\"\n                },\n                {\n                    \"type\": \"Container\",\n                    \"items\": [\n                        {\n                            \"type\": \"TextBlock\",\n                            \"text\": \"You can reduce the number of users that you share the app with, or we can work with you to move the app to a more appropriate environment.\",\n                            \"wrap\": true\n                        }\n                    ]\n                }\n            ]\n        },\n        {\n            \"type\": \"Container\",\n            \"items\": [\n                {\n                    \"type\": \"ColumnSet\",\n                    \"columns\": [\n                        {\n                            \"type\": \"Column\",\n                            \"width\": \"stretch\",\n                            \"items\": [\n                                {\n                                    \"type\": \"TextBlock\",\n                                    \"text\": \"I would like to:\",\n                                    \"wrap\": true\n                                }\n                            ]\n                        },\n                        {\n                            \"type\": \"Column\",\n                            \"width\": \"stretch\",\n                            \"items\": [\n                                {\n                                    \"type\": \"Input.ChoiceSet\",\n                                    \"choices\": [\n                                        {\n                                            \"title\": \"Reduced sharing\",\n                                            \"value\": \"Reduced sharing\"\n                                        },\n                                        {\n                                            \"title\": \"Move the app\",\n                                            \"value\": \"Move the app\"\n                                        }\n                                    ],\n                                    \"placeholder\": \"Please select\",\n                                    \"id\": \"ownerChoice\"\n                                }\n                            ]\n                        }\n                    ]\n                }\n            ]\n        },\n        {\n            \"type\": \"Container\"\n        },\n        {\n            \"type\": \"Container\",\n            \"items\": [\n                {\n                    \"type\": \"ColumnSet\",\n                    \"columns\": [\n                        {\n                            \"type\": \"Column\",\n                            \"width\": \"stretch\",\n                            \"items\": [\n                                {\n                                    \"type\": \"TextBlock\",\n                                    \"text\": \"When ready, click submit\",\n                                    \"wrap\": true\n                                }\n                            ]\n                        },\n                        {\n                            \"type\": \"Column\",\n                            \"width\": \"stretch\",\n                            \"items\": [\n                                {\n                                    \"type\": \"ActionSet\",\n                                    \"actions\": [\n                                        {\n                                            \"type\": \"Action.Submit\",\n                                            \"title\": \"Submit\"\n                                        }\n                                    ]\n                                }\n                            ]\n                        }\n                    ]\n                }\n            ]\n        }\n    ]\n}"},"authentication":"@parameters('$authentication')"}}},"runAfter":{},"expression":{"greater":["@items('Apply_to_each_-_iterate_app_metadata')?['properties/sharedUsersCount']","@variables('vSharedUsersMaximum')"]},"type":"If"}}},"expression":{"greater":["@items('Apply_to_each_-_iterate_app_metadata')?['properties/sharedGroupsCount']",0]},"type":"If","description":"Are there any groups?"}},"runAfter":{"Get_Apps_as_Admin":["Succeeded"]},"type":"Foreach","runtimeConfiguration":{"concurrency":{"repetitions":1}}},"Initialize_variable_(int)_-_group_members_count":{"runAfter":{"Initialize_variable_(int)_-_total_share_count":["Succeeded"]},"type":"InitializeVariable","inputs":{"variables":[{"name":"vGroupMembersCount","type":"integer"}]}},"Initialize_variable_(int)_-_shared_users_count":{"runAfter":{"Initialize_variable_(int)_-_group_members_count":["Succeeded"]},"type":"InitializeVariable","inputs":{"variables":[{"name":"vSharedUsersCount","type":"integer"}]}}},"outputs":{}},"connectionReferences":{"shared_powerappsforadmins":{"source":"Embedded","id":"/providers/Microsoft.PowerApps/apis/shared_powerappsforadmins","tier":"NotSpecified"},"shared_azuread":{"source":"Embedded","id":"/providers/Microsoft.PowerApps/apis/shared_azuread","tier":"NotSpecified"},"shared_teams":{"source":"Embedded","id":"/providers/Microsoft.PowerApps/apis/shared_teams","tier":"NotSpecified"}},"flowFailureAlertSubscribed":false}}