{"properties":{"connectionReferences":{"shared_commondataserviceforapps":{"runtimeSource":"embedded","connection":{"connectionReferenceLogicalName":"crfb2_MicrosoftDataverse"},"api":{"name":"shared_commondataserviceforapps"}},"shared_powerappsforadmins":{"runtimeSource":"embedded","connection":{"connectionReferenceLogicalName":"crfb2_PowerAppsforAdmins"},"api":{"name":"shared_powerappsforadmins"}},"shared_azuread":{"runtimeSource":"embedded","connection":{"connectionReferenceLogicalName":"new_sharedazuread_d8973"},"api":{"name":"shared_azuread"}},"shared_teams":{"runtimeSource":"embedded","connection":{"connectionReferenceLogicalName":"new_sharedteams_d021c"},"api":{"name":"shared_teams"}}},"definition":{"$schema":"https://schema.management.azure.com/providers/Microsoft.Logic/schemas/2016-06-01/workflowdefinition.json#","contentVersion":"1.0.0.0","parameters":{"$connections":{"defaultValue":{},"type":"Object"},"$authentication":{"defaultValue":{},"type":"SecureObject"}},"triggers":{"Recurrence_-_Daily":{"recurrence":{"frequency":"Day","interval":1},"type":"Recurrence"}},"actions":{"List_rows_-_Announcement_table":{"runAfter":{"Initialize_variable_-_strToday":["Succeeded"]},"type":"OpenApiConnection","inputs":{"host":{"connectionName":"shared_commondataserviceforapps","operationId":"ListRecords","apiId":"/providers/Microsoft.PowerApps/apis/shared_commondataserviceforapps"},"parameters":{"entityName":"crfb2_announcements","$filter":"crfb2_sendtype eq 'Scheduled' and crfb2_senddate eq '@{variables('strToday')}'"},"authentication":"@parameters('$authentication')"},"description":"Filtering scheduled announcements only"},"Apply_to_each_-_announcement":{"foreach":"@outputs('List_rows_-_Announcement_table')?['body/value']","actions":{"Compose_-_Formatted_date":{"runAfter":{},"type":"Compose","inputs":"@formatDateTime(items('Apply_to_each_-_announcement')?['crfb2_senddate'], 'yyyy-MM-dd')"},"Condition_-_compare_announcement_and_todays_date":{"actions":{"Get_App_Role_Assignments_as_Admin":{"runAfter":{},"type":"OpenApiConnection","inputs":{"host":{"connectionName":"shared_powerappsforadmins","operationId":"Get-AdminAppRoleAssignment","apiId":"/providers/Microsoft.PowerApps/apis/shared_powerappsforadmins"},"parameters":{"environment":"@items('Apply_to_each_-_announcement')?['crfb2_environmentid']","app":"@items('Apply_to_each_-_announcement')?['crfb2_appid']","api-version":"2016-11-01","$top":250},"authentication":"@parameters('$authentication')"}},"Apply_to_each_role_assignment":{"foreach":"@outputs('Get_App_Role_Assignments_as_Admin')?['body/value']","actions":{"Switch":{"runAfter":{},"cases":{"Case_-_group":{"case":"Group","actions":{"Get_group_members":{"runAfter":{},"type":"OpenApiConnection","inputs":{"host":{"connectionName":"shared_azuread","operationId":"GetGroupMembers","apiId":"/providers/Microsoft.PowerApps/apis/shared_azuread"},"parameters":{"id":"@items('Apply_to_each_role_assignment')?['properties/principal/id']"},"authentication":"@parameters('$authentication')"}},"Apply_to_each_group_member":{"foreach":"@outputs('Get_group_members')?['body/value']","actions":{"Adaptive_card_to_group_member":{"runAfter":{},"type":"OpenApiConnection","inputs":{"host":{"connectionName":"shared_teams","operationId":"PostUserAdaptiveCard","apiId":"/providers/Microsoft.PowerApps/apis/shared_teams"},"parameters":{"PostAdaptiveCardRequest/recipient/to":"@{items('Apply_to_each_group_member')?['mail']};","PostAdaptiveCardRequest/messageBody":"{\n    \"type\": \"AdaptiveCard\",\n    \"$schema\": \"http://adaptivecards.io/schemas/adaptive-card.json\",\n    \"version\": \"1.2\",\n    \"body\": [\n        {\n            \"type\": \"TextBlock\",\n            \"text\": \"New feature announcement\",\n            \"wrap\": true,\n            \"size\": \"Large\",\n            \"weight\": \"Bolder\",\n            \"color\": \"Accent\"\n        },\n        {\n            \"type\": \"TextBlock\",\n            \"text\": \"Hi.  You are receiving this notification as a user of the @{outputs('Get_App_as_Admin')?['body/properties/displayName']} Power App.  A new feature is being released and we want you to know about it.\",\n            \"wrap\": true\n        },\n        {\n            \"type\": \"TextBlock\",\n            \"text\": \"What's new?\",\n            \"wrap\": true,\n            \"weight\": \"Bolder\",\n            \"color\": \"Accent\"\n        },\n        {\n            \"type\": \"TextBlock\",\n            \"wrap\": true,\n            \"text\": \"@{items('Apply_to_each_-_announcement')?['crfb2_announcement']}\"\n        }\n    ]\n}","PostAdaptiveCardRequest/messageTitle":"@{items('Apply_to_each_-_announcement')?['crfb2_name']} announcement!"},"authentication":"@parameters('$authentication')"}}},"runAfter":{"Get_group_members":["Succeeded"]},"type":"Foreach"}}}},"default":{"actions":{"Adaptive_card_to_app_user":{"runAfter":{},"type":"OpenApiConnection","inputs":{"host":{"connectionName":"shared_teams","operationId":"PostUserAdaptiveCard","apiId":"/providers/Microsoft.PowerApps/apis/shared_teams"},"parameters":{"PostAdaptiveCardRequest/recipient/to":"@{items('Apply_to_each_role_assignment')?['properties/principal/email']};","PostAdaptiveCardRequest/messageBody":"{\n    \"type\": \"AdaptiveCard\",\n    \"$schema\": \"http://adaptivecards.io/schemas/adaptive-card.json\",\n    \"version\": \"1.2\",\n    \"body\": [\n        {\n            \"type\": \"TextBlock\",\n            \"text\": \"New feature announcement\",\n            \"wrap\": true,\n            \"size\": \"Large\",\n            \"weight\": \"Bolder\",\n            \"color\": \"Accent\"\n        },\n        {\n            \"type\": \"TextBlock\",\n            \"text\": \"Hi.  You are receiving this notification as a user of the @{outputs('Get_App_as_Admin')?['body/properties/displayName']} Power App.  A new feature is being released and we want you to know about it.\",\n            \"wrap\": true\n        },\n        {\n            \"type\": \"TextBlock\",\n            \"text\": \"What's new?\",\n            \"wrap\": true,\n            \"weight\": \"Bolder\",\n            \"color\": \"Accent\"\n        },\n        {\n            \"type\": \"TextBlock\",\n            \"wrap\": true,\n            \"text\": \"@{items('Apply_to_each_-_announcement')?['crfb2_announcement']}\"\n        }\n    ]\n}","PostAdaptiveCardRequest/messageTitle":"@{items('Apply_to_each_-_announcement')?['crfb2_name']} announcement!"},"authentication":"@parameters('$authentication')"}}}},"expression":"@items('Apply_to_each_role_assignment')?['properties/principal/type']","type":"Switch"}},"runAfter":{"Get_App_as_Admin":["Succeeded"]},"type":"Foreach"},"Get_App_as_Admin":{"runAfter":{"Get_App_Role_Assignments_as_Admin":["Succeeded"]},"type":"OpenApiConnection","inputs":{"host":{"connectionName":"shared_powerappsforadmins","operationId":"Get-AdminApp","apiId":"/providers/Microsoft.PowerApps/apis/shared_powerappsforadmins"},"parameters":{"environment":"@items('Apply_to_each_-_announcement')?['crfb2_environmentid']","app":"@items('Apply_to_each_-_announcement')?['crfb2_appid']","api-version":"2016-11-01"},"authentication":"@parameters('$authentication')"}}},"runAfter":{"Compose_-_Formatted_date":["Succeeded"]},"expression":{"equals":["@outputs('Compose_-_Formatted_date')","@variables('strToday')"]},"type":"If"},"Update_a_row_-_current_announcement_now_completed":{"runAfter":{"Condition_-_compare_announcement_and_todays_date":["Succeeded"]},"type":"OpenApiConnection","inputs":{"host":{"connectionName":"shared_commondataserviceforapps","operationId":"UpdateRecord","apiId":"/providers/Microsoft.PowerApps/apis/shared_commondataserviceforapps"},"parameters":{"entityName":"crfb2_announcements","recordId":"@items('Apply_to_each_-_announcement')?['crfb2_announcementid']","item/crfb2_announcementstatus":"Completed","item/crfb2_senddate":"@variables('strToday')","item/crfb2_sendstatus":"Sent"},"authentication":"@parameters('$authentication')"}}},"runAfter":{"List_rows_-_Announcement_table":["Succeeded"]},"type":"Foreach"},"Initialize_variable_-_strToday":{"runAfter":{},"type":"InitializeVariable","inputs":{"variables":[{"name":"strToday","type":"string","value":"@{formatDateTime(utcNow(), 'yyyy-MM-dd')}"}]}}},"outputs":{}}},"schemaVersion":"1.0.0.0"}