{"properties":{"connectionReferences":{"shared_commondataserviceforapps":{"runtimeSource":"embedded","connection":{"connectionReferenceLogicalName":"crfb2_MicrosoftDataverse"},"api":{"name":"shared_commondataserviceforapps"}},"shared_powerappsforadmins":{"runtimeSource":"embedded","connection":{"connectionReferenceLogicalName":"crfb2_PowerAppsforAdmins"},"api":{"name":"shared_powerappsforadmins"}},"shared_azuread":{"runtimeSource":"embedded","connection":{"connectionReferenceLogicalName":"crfb2_AzureAD"},"api":{"name":"shared_azuread"}},"shared_teams":{"runtimeSource":"embedded","connection":{"connectionReferenceLogicalName":"new_sharedteams_d021c"},"api":{"name":"shared_teams"}}},"definition":{"$schema":"https://schema.management.azure.com/providers/Microsoft.Logic/schemas/2016-06-01/workflowdefinition.json#","contentVersion":"1.0.0.0","parameters":{"$connections":{"defaultValue":{},"type":"Object"},"$authentication":{"defaultValue":{},"type":"SecureObject"}},"triggers":{"Recurrence":{"recurrence":{"frequency":"Minute","interval":30},"type":"Recurrence","description":"Runs every 30 minutes"}},"actions":{"List_rows_-_announcements":{"runAfter":{},"type":"OpenApiConnection","inputs":{"host":{"connectionName":"shared_commondataserviceforapps","operationId":"ListRecords","apiId":"/providers/Microsoft.PowerApps/apis/shared_commondataserviceforapps"},"parameters":{"entityName":"crfb2_announcements","$filter":"crfb2_sendtype eq 'Instant' and crfb2_sendstatus ne 'Sent'"},"authentication":"@parameters('$authentication')"},"description":"Filtering rows for instant announcements that have not already been sent"},"Apply_to_each_-_announcement":{"foreach":"@outputs('List_rows_-_announcements')?['body/value']","actions":{"Get_App_as_Admin":{"runAfter":{},"type":"OpenApiConnection","inputs":{"host":{"connectionName":"shared_powerappsforadmins","operationId":"Get-AdminApp","apiId":"/providers/Microsoft.PowerApps/apis/shared_powerappsforadmins"},"parameters":{"environment":"@items('Apply_to_each_-_announcement')?['crfb2_environmentid']","app":"@items('Apply_to_each_-_announcement')?['crfb2_appid']","api-version":"2016-11-01"},"authentication":"@parameters('$authentication')"}},"Get_App_Role_Assignments_as_Admin":{"runAfter":{"Get_App_as_Admin":["Succeeded"]},"type":"OpenApiConnection","inputs":{"host":{"connectionName":"shared_powerappsforadmins","operationId":"Get-AdminAppRoleAssignment","apiId":"/providers/Microsoft.PowerApps/apis/shared_powerappsforadmins"},"parameters":{"environment":"@items('Apply_to_each_-_announcement')?['crfb2_environmentid']","app":"@items('Apply_to_each_-_announcement')?['crfb2_appid']","api-version":"2016-11-01","$top":250},"authentication":"@parameters('$authentication')"}},"Apply_to_each_-_role_assignment":{"foreach":"@outputs('Get_App_Role_Assignments_as_Admin')?['body/value']","actions":{"Switch_-_role_assignment_principal_type":{"runAfter":{},"cases":{"Case":{"case":"Group","actions":{"Get_group_members":{"runAfter":{},"type":"OpenApiConnection","inputs":{"host":{"connectionName":"shared_azuread","operationId":"GetGroupMembers","apiId":"/providers/Microsoft.PowerApps/apis/shared_azuread"},"parameters":{"id":"@items('Apply_to_each_-_role_assignment')?['id']"},"authentication":"@parameters('$authentication')"}},"Apply_to_each_-_group_member":{"foreach":"@outputs('Get_group_members')?['body/value']","actions":{"Switch_-_group_announcement_type":{"runAfter":{},"cases":{"Case_-_group_announcement_feature":{"case":"Feature","actions":{"Adaptive_card_-_group_user_-_feature_announcement":{"runAfter":{},"type":"OpenApiConnection","inputs":{"host":{"connectionName":"shared_teams","operationId":"PostUserAdaptiveCard","apiId":"/providers/Microsoft.PowerApps/apis/shared_teams"},"parameters":{"PostAdaptiveCardRequest/recipient/to":"@{items('Apply_to_each_-_group_member')?['mail']};","PostAdaptiveCardRequest/messageBody":"{\n    \"type\": \"AdaptiveCard\",\n    \"$schema\": \"http://adaptivecards.io/schemas/adaptive-card.json\",\n    \"version\": \"1.2\",\n    \"body\": [\n        {\n            \"type\": \"TextBlock\",\n            \"text\": \"New feature announcement\",\n            \"wrap\": true,\n            \"size\": \"Large\",\n            \"weight\": \"Bolder\",\n            \"color\": \"Accent\"\n        },\n        {\n            \"type\": \"TextBlock\",\n            \"text\": \"Hi.  You are receiving this notification as a user of the @{outputs('Get_App_as_Admin')?['body/properties/displayName']} Power App.  A new feature is being released and we want you to know about it.\",\n            \"wrap\": true\n        },\n        {\n            \"type\": \"TextBlock\",\n            \"text\": \"What's new?\",\n            \"wrap\": true,\n            \"weight\": \"Bolder\",\n            \"color\": \"Accent\"\n        },\n        {\n            \"type\": \"TextBlock\",\n            \"wrap\": true,\n            \"text\": \"@{items('Apply_to_each_-_announcement')?['crfb2_announcement']}\"\n        }\n    ]\n}"},"authentication":"@parameters('$authentication')"}}}},"Case_-_group_announcement_issue":{"case":"Issue","actions":{"Adaptive_card_-_group_user_-_issue_announcement":{"runAfter":{},"type":"OpenApiConnection","inputs":{"host":{"connectionName":"shared_teams","operationId":"PostUserAdaptiveCard","apiId":"/providers/Microsoft.PowerApps/apis/shared_teams"},"parameters":{"PostAdaptiveCardRequest/recipient/to":"@{items('Apply_to_each_-_group_member')?['mail']};","PostAdaptiveCardRequest/messageBody":"{\n    \"type\": \"AdaptiveCard\",\n    \"$schema\": \"http://adaptivecards.io/schemas/adaptive-card.json\",\n    \"version\": \"1.2\",\n    \"body\": [\n        {\n            \"type\": \"TextBlock\",\n            \"wrap\": true,\n            \"size\": \"Large\",\n            \"weight\": \"Bolder\",\n            \"color\": \"Accent\",\n            \"text\": \"Power App issue announcement\"\n        },\n        {\n            \"type\": \"TextBlock\",\n            \"text\": \"Hi.  You are receiving this notification as a user of the @{outputs('Get_App_as_Admin')?['body/properties/displayName']} Power App.  There is a reported issue with the app, and we want you to know about it.\",\n            \"wrap\": true\n        },\n        {\n            \"type\": \"TextBlock\",\n            \"text\": \"Issue description\",\n            \"wrap\": true,\n            \"weight\": \"Bolder\",\n            \"color\": \"Accent\"\n        },\n        {\n            \"type\": \"TextBlock\",\n            \"wrap\": true,\n            \"text\": \"@{items('Apply_to_each_-_announcement')?['crfb2_announcement']}\"\n        }\n    ]\n}"},"authentication":"@parameters('$authentication')"}}}}},"default":{"actions":{"Adaptive_card_-_group_user_-_maintenance_announcement":{"runAfter":{},"type":"OpenApiConnection","inputs":{"host":{"connectionName":"shared_teams","operationId":"PostUserAdaptiveCard","apiId":"/providers/Microsoft.PowerApps/apis/shared_teams"},"parameters":{"PostAdaptiveCardRequest/recipient/to":"@{items('Apply_to_each_-_group_member')?['mail']};","PostAdaptiveCardRequest/messageBody":"{\n    \"type\": \"AdaptiveCard\",\n    \"$schema\": \"http://adaptivecards.io/schemas/adaptive-card.json\",\n    \"version\": \"1.2\",\n    \"body\": [\n        {\n            \"type\": \"TextBlock\",\n            \"wrap\": true,\n            \"size\": \"Large\",\n            \"weight\": \"Bolder\",\n            \"color\": \"Accent\",\n            \"text\": \"Power App maintenance announcement\"\n        },\n        {\n            \"type\": \"TextBlock\",\n            \"text\": \"Hi.  You are receiving this notification as a user of the @{outputs('Get_App_as_Admin')?['body/properties/displayName']} Power App.  The app is scheduled for maintenance, and we want you to know about it.\",\n            \"wrap\": true\n        },\n        {\n            \"type\": \"TextBlock\",\n            \"text\": \"Maintenance description\",\n            \"wrap\": true,\n            \"weight\": \"Bolder\",\n            \"color\": \"Accent\"\n        },\n        {\n            \"type\": \"TextBlock\",\n            \"wrap\": true,\n            \"text\": \"@{items('Apply_to_each_-_announcement')?['crfb2_announcement']}\"\n        },\n        {\n            \"type\": \"ColumnSet\",\n            \"columns\": [\n                {\n                    \"type\": \"Column\",\n                    \"width\": \"stretch\",\n                    \"items\": [\n                        {\n                            \"type\": \"TextBlock\",\n                            \"wrap\": true,\n                            \"text\": \"Scheduled start: \"\n                        }\n                    ]\n                },\n                {\n                    \"type\": \"Column\",\n                    \"width\": \"stretch\",\n                    \"items\": [\n                        {\n                            \"type\": \"TextBlock\",\n                            \"text\": \"@{items('Apply_to_each_-_announcement')?['crfb2_startdate']}\",\n                            \"wrap\": true\n                        }\n                    ]\n                }\n            ]\n        },\n        {\n            \"type\": \"ColumnSet\",\n            \"columns\": [\n                {\n                    \"type\": \"Column\",\n                    \"width\": \"stretch\",\n                    \"items\": [\n                        {\n                            \"type\": \"TextBlock\",\n                            \"wrap\": true,\n                            \"text\": \"Scheduled end:\"\n                        }\n                    ]\n                },\n                {\n                    \"type\": \"Column\",\n                    \"width\": \"stretch\",\n                    \"items\": [\n                        {\n                            \"type\": \"TextBlock\",\n                            \"text\": \"@{items('Apply_to_each_-_announcement')?['crfb2_enddate']}\",\n                            \"wrap\": true\n                        }\n                    ]\n                }\n            ]\n        }\n    ]\n}"},"authentication":"@parameters('$authentication')"}}}},"expression":"@items('Apply_to_each_-_announcement')?['crfb2_name']","type":"Switch"}},"runAfter":{"Get_group_members":["Succeeded"]},"type":"Foreach"}}}},"default":{"actions":{"Switch_-_announcement_type":{"runAfter":{},"cases":{"Case_-_feature_announcement":{"case":"Feature","actions":{"Adaptive_card_-_individual_user_-_feature_announcement":{"runAfter":{},"type":"OpenApiConnection","inputs":{"host":{"connectionName":"shared_teams","operationId":"PostUserAdaptiveCard","apiId":"/providers/Microsoft.PowerApps/apis/shared_teams"},"parameters":{"PostAdaptiveCardRequest/recipient/to":"@{items('Apply_to_each_-_role_assignment')?['properties/principal/email']};","PostAdaptiveCardRequest/messageBody":"{\n    \"type\": \"AdaptiveCard\",\n    \"$schema\": \"http://adaptivecards.io/schemas/adaptive-card.json\",\n    \"version\": \"1.2\",\n    \"body\": [\n        {\n            \"type\": \"TextBlock\",\n            \"text\": \"New feature announcement\",\n            \"wrap\": true,\n            \"size\": \"Large\",\n            \"weight\": \"Bolder\",\n            \"color\": \"Accent\"\n        },\n        {\n            \"type\": \"TextBlock\",\n            \"text\": \"Hi.  You are receiving this notification as a user of the @{outputs('Get_App_as_Admin')?['body/properties/displayName']} Power App.  A new feature is being released and we want you to know about it.\",\n            \"wrap\": true\n        },\n        {\n            \"type\": \"TextBlock\",\n            \"text\": \"What's new?\",\n            \"wrap\": true,\n            \"weight\": \"Bolder\",\n            \"color\": \"Accent\"\n        },\n        {\n            \"type\": \"TextBlock\",\n            \"wrap\": true,\n            \"text\": \"@{items('Apply_to_each_-_announcement')?['crfb2_announcement']}\"\n        }\n    ]\n}"},"authentication":"@parameters('$authentication')"}}}},"Case_-_issue_announcement":{"case":"Issue","actions":{"Adaptive_card_-_individual_user_-_issue_announcement":{"runAfter":{},"type":"OpenApiConnection","inputs":{"host":{"connectionName":"shared_teams","operationId":"PostUserAdaptiveCard","apiId":"/providers/Microsoft.PowerApps/apis/shared_teams"},"parameters":{"PostAdaptiveCardRequest/recipient/to":"@{items('Apply_to_each_-_role_assignment')?['properties/principal/email']};","PostAdaptiveCardRequest/messageBody":"{\n    \"type\": \"AdaptiveCard\",\n    \"$schema\": \"http://adaptivecards.io/schemas/adaptive-card.json\",\n    \"version\": \"1.2\",\n    \"body\": [\n        {\n            \"type\": \"TextBlock\",\n            \"wrap\": true,\n            \"size\": \"Large\",\n            \"weight\": \"Bolder\",\n            \"color\": \"Accent\",\n            \"text\": \"Power App issue announcement\"\n        },\n        {\n            \"type\": \"TextBlock\",\n            \"text\": \"Hi.  You are receiving this notification as a user of the @{outputs('Get_App_as_Admin')?['body/properties/displayName']} Power App.  There is a reported issue with the app, and we want you to know about it.\",\n            \"wrap\": true\n        },\n        {\n            \"type\": \"TextBlock\",\n            \"text\": \"Issue description\",\n            \"wrap\": true,\n            \"weight\": \"Bolder\",\n            \"color\": \"Accent\"\n        },\n        {\n            \"type\": \"TextBlock\",\n            \"wrap\": true,\n            \"text\": \"@{items('Apply_to_each_-_announcement')?['crfb2_announcement']}\"\n        }\n    ]\n}"},"authentication":"@parameters('$authentication')"}}}}},"default":{"actions":{"Post_your_own_adaptive_card_as_the_Flow_bot_to_a_user":{"runAfter":{},"type":"OpenApiConnection","inputs":{"host":{"connectionName":"shared_teams","operationId":"PostUserAdaptiveCard","apiId":"/providers/Microsoft.PowerApps/apis/shared_teams"},"parameters":{"PostAdaptiveCardRequest/recipient/to":"@{items('Apply_to_each_-_role_assignment')?['properties/principal/email']};","PostAdaptiveCardRequest/messageBody":"{\n    \"type\": \"AdaptiveCard\",\n    \"$schema\": \"http://adaptivecards.io/schemas/adaptive-card.json\",\n    \"version\": \"1.2\",\n    \"body\": [\n        {\n            \"type\": \"TextBlock\",\n            \"wrap\": true,\n            \"size\": \"Large\",\n            \"weight\": \"Bolder\",\n            \"color\": \"Accent\",\n            \"text\": \"Power App maintenance announcement\"\n        },\n        {\n            \"type\": \"TextBlock\",\n            \"text\": \"Hi.  You are receiving this notification as a user of the @{outputs('Get_App_as_Admin')?['body/properties/displayName']} Power App.  The app is scheduled for maintenance, and we want you to know about it.\",\n            \"wrap\": true\n        },\n        {\n            \"type\": \"TextBlock\",\n            \"text\": \"Maintenance description\",\n            \"wrap\": true,\n            \"weight\": \"Bolder\",\n            \"color\": \"Accent\"\n        },\n        {\n            \"type\": \"TextBlock\",\n            \"wrap\": true,\n            \"text\": \"@{items('Apply_to_each_-_announcement')?['crfb2_announcement']}\"\n        },\n        {\n            \"type\": \"ColumnSet\",\n            \"columns\": [\n                {\n                    \"type\": \"Column\",\n                    \"width\": \"stretch\",\n                    \"items\": [\n                        {\n                            \"type\": \"TextBlock\",\n                            \"wrap\": true,\n                            \"text\": \"Scheduled start: \"\n                        }\n                    ]\n                },\n                {\n                    \"type\": \"Column\",\n                    \"width\": \"stretch\",\n                    \"items\": [\n                        {\n                            \"type\": \"TextBlock\",\n                            \"text\": \"@{items('Apply_to_each_-_announcement')?['crfb2_startdate']}\",\n                            \"wrap\": true\n                        }\n                    ]\n                }\n            ]\n        },\n        {\n            \"type\": \"ColumnSet\",\n            \"columns\": [\n                {\n                    \"type\": \"Column\",\n                    \"width\": \"stretch\",\n                    \"items\": [\n                        {\n                            \"type\": \"TextBlock\",\n                            \"wrap\": true,\n                            \"text\": \"Scheduled end:\"\n                        }\n                    ]\n                },\n                {\n                    \"type\": \"Column\",\n                    \"width\": \"stretch\",\n                    \"items\": [\n                        {\n                            \"type\": \"TextBlock\",\n                            \"text\": \"@{items('Apply_to_each_-_announcement')?['crfb2_enddate']}\",\n                            \"wrap\": true\n                        }\n                    ]\n                }\n            ]\n        }\n    ]\n}"},"authentication":"@parameters('$authentication')"}}}},"expression":"@items('Apply_to_each_-_announcement')?['crfb2_name']","type":"Switch"}}},"expression":"@items('Apply_to_each_-_role_assignment')?['properties/principal/type']","type":"Switch"}},"runAfter":{"Get_App_Role_Assignments_as_Admin":["Succeeded"]},"type":"Foreach"},"Update_a_row":{"runAfter":{"Apply_to_each_-_role_assignment":["Succeeded"]},"type":"OpenApiConnection","inputs":{"host":{"connectionName":"shared_commondataserviceforapps","operationId":"UpdateRecord","apiId":"/providers/Microsoft.PowerApps/apis/shared_commondataserviceforapps"},"parameters":{"entityName":"crfb2_announcements","recordId":"@items('Apply_to_each_-_announcement')?['crfb2_announcementid']","item/crfb2_senddate":"@utcNow()","item/crfb2_sendstatus":"Sent"},"authentication":"@parameters('$authentication')"}}},"runAfter":{"List_rows_-_announcements":["Succeeded"]},"type":"Foreach"}},"outputs":{}}},"schemaVersion":"1.0.0.0"}