{
  "namedEntities": [
    {
      "synonyms": [
        "home"
      ],
      "id": "ff0ca6dd-de7a-4bee-b849-16210d63f3c5",
      "displayName": "Home User",
      "updatedTime": "2021-01-20T09:55:56.6466243Z",
      "updatedUserId": "e63f1707-5413-4b17-a9ba-976282f163df"
    },
    {
      "synonyms": [
        "gaming"
      ],
      "id": "2ccf421b-89a6-43a8-8b4f-b8d8f63b58bf",
      "displayName": "Gamer",
      "updatedTime": "2021-01-20T09:55:56.6466243Z",
      "updatedUserId": "e63f1707-5413-4b17-a9ba-976282f163df"
    },
    {
      "synonyms": [
        "business"
      ],
      "id": "2d32734c-9552-47c5-963b-563fe1d9ea7e",
      "displayName": "Business User",
      "updatedTime": "2021-01-20T09:55:56.6466243Z",
      "updatedUserId": "e63f1707-5413-4b17-a9ba-976282f163df"
    }
  ],
  "closedListTypes": [
    {
      "namedEntities": [
        "ff0ca6dd-de7a-4bee-b849-16210d63f3c5",
        "2ccf421b-89a6-43a8-8b4f-b8d8f63b58bf",
        "2d32734c-9552-47c5-963b-563fe1d9ea7e"
      ],
      "smartMatchingEnabled": true,
      "customTypeSchema": "ClosedList",
      "id": "new_customtype_a2b8f681b9404620b4409b354a9156b5_f86fcadfd497444e91ed11c12b059d10",
      "displayName": "Usage Type",
      "description": "Lesson 4 Usage Type Entity",
      "createdTime": "2019-10-25T14:03:43.9601778Z",
      "updatedTime": "2021-01-20T09:55:56.6466243Z",
      "createdUserId": "user0",
      "updatedUserId": "e63f1707-5413-4b17-a9ba-976282f163df"
    }
  ]
}