{"properties":{"connectionReferences":{},"definition":{"$schema":"https://schema.management.azure.com/providers/Microsoft.Logic/schemas/2016-06-01/workflowdefinition.json#","contentVersion":"1.0.0.0","parameters":{"$authentication":{"defaultValue":{},"type":"SecureObject"}},"triggers":{"manual":{"type":"Request","kind":"VirtualAgent","inputs":{"schema":{"type":"object","properties":{"text":{"title":"audienceSize","type":"string","x-ms-dynamically-added":true,"description":"Please enter your input","x-ms-content-hint":"TEXT"},"text_1":{"title":"dataAccessFrequency","type":"string","x-ms-dynamically-added":true,"description":"Please enter your input","x-ms-content-hint":"TEXT"},"text_2":{"title":"dataSize","type":"string","x-ms-dynamically-added":true,"description":"Please enter your input","x-ms-content-hint":"TEXT"},"text_3":{"title":"dataExclusivity","type":"string","x-ms-dynamically-added":true,"description":"Please enter your input","x-ms-content-hint":"TEXT"},"text_4":{"title":"thirdPartyConnectors","type":"string","x-ms-dynamically-added":true,"description":"Please enter your input","x-ms-content-hint":"TEXT"},"text_5":{"title":"customConnector","type":"string","x-ms-dynamically-added":true,"description":"Please enter your input","x-ms-content-hint":"TEXT"}},"required":["text","text_1","text_2","text_3","text_4","text_5"]}}}},"actions":{"Switch_-_Audience_size_weighting":{"runAfter":{"[int]CustomConnector":["Succeeded"]},"cases":{"Case_-_Personal_app":{"case":"Only me, its a personal app","actions":{"Set_variable_-_audienceWeight_-_0":{"runAfter":{},"type":"SetVariable","inputs":{"name":"vAudienceWeight","value":0}}}},"Case_-_Personal_app_(1)":{"case":"Very few (<20)","actions":{"Set_variable_-_audienceWeight_-_00":{"runAfter":{},"type":"SetVariable","inputs":{"name":"vAudienceWeight","value":0}}}}},"default":{"actions":{"Set_variable_-_audienceWeight_-_10":{"runAfter":{},"type":"SetVariable","inputs":{"name":"vAudienceWeight","value":10}}}},"expression":"@triggerBody()['text']","type":"Switch"},"[int]AudienceWeight":{"runAfter":{"[string]Recommendation":["Succeeded"]},"type":"InitializeVariable","inputs":{"variables":[{"name":"vAudienceWeight","type":"integer"}]}},"Switch_-_Data_access_frequency_weighting":{"runAfter":{"[int]CustomConnector":["Succeeded"]},"cases":{"Case_-_Not_often":{"case":"Not often","actions":{"Set_variable_-_dataAccessFrequency_-_0":{"runAfter":{},"type":"SetVariable","inputs":{"name":"vDataAccessFrequency","value":0}}}}},"default":{"actions":{"Set_variable_-_dataAccessFrequency_-_10":{"runAfter":{},"type":"SetVariable","inputs":{"name":"vDataAccessFrequency","value":10}}}},"expression":"@triggerBody()['text_1']","type":"Switch"},"[int]DataAccessFrequency":{"runAfter":{"[int]AudienceWeight":["Succeeded"]},"type":"InitializeVariable","inputs":{"variables":[{"name":"vDataAccessFrequency","type":"integer"}]}},"Switch_-_Data_size_weighting":{"runAfter":{"[int]CustomConnector":["Succeeded"]},"cases":{"Case_-_Minimal":{"case":"Minimal (hundreds of rows of data)","actions":{"Set_variable_-_[int]DataSize_-_0":{"runAfter":{},"type":"SetVariable","inputs":{"name":"vDataSize","value":0}}}},"Case_-_Moderate":{"case":"Moderate (thousands of rows of data)","actions":{"Set_variable_-_[int]DataSize_-_1":{"runAfter":{},"type":"SetVariable","inputs":{"name":"vDataSize","value":1}}}}},"default":{"actions":{"Set_variable_-_[int]DataSize_-_10":{"runAfter":{},"type":"SetVariable","inputs":{"name":"vDataSize","value":10}}}},"expression":"@triggerBody()['text_2']","type":"Switch"},"[int]DataSize":{"runAfter":{"[int]DataAccessFrequency":["Succeeded"]},"type":"InitializeVariable","inputs":{"variables":[{"name":"vDataSize","type":"integer"}]}},"Switch_-_Data_exclusivity_weighting":{"runAfter":{"[int]CustomConnector":["Succeeded"]},"cases":{"Case_-_Data_exclusive_true":{"case":"Yes","actions":{"Set_variable_-_[int]DataExclusivity_-_10":{"runAfter":{},"type":"SetVariable","inputs":{"name":"vDataExclusivity","value":3}}}}},"default":{"actions":{"Set_variable_-_[int]DataExclusivity_-_0":{"runAfter":{},"type":"SetVariable","inputs":{"name":"vDataExclusivity","value":0}}}},"expression":"@triggerBody()['text_3']","type":"Switch"},"[int]DataExclusivity":{"runAfter":{"[int]DataSize":["Succeeded"]},"type":"InitializeVariable","inputs":{"variables":[{"name":"vDataExclusivity","type":"integer"}]}},"[int]ThirdPartyConnector":{"runAfter":{"[int]DataExclusivity":["Succeeded"]},"type":"InitializeVariable","inputs":{"variables":[{"name":"vThirdPartyConnector","type":"integer"}]}},"Switch_-_Third_party_connector_weighting":{"runAfter":{"[int]CustomConnector":["Succeeded"]},"cases":{"Case_-_Third_party_connector_-_Yes":{"case":"Yes","actions":{"Set_variable_-_Third_party_connector_-_10":{"runAfter":{},"type":"SetVariable","inputs":{"name":"vThirdPartyConnector","value":10}}}}},"default":{"actions":{"Set_variable_-_Third_party_connector_-_0":{"runAfter":{},"type":"SetVariable","inputs":{"name":"vThirdPartyConnector","value":0}}}},"expression":"@triggerBody()['text_4']","type":"Switch"},"Switch_-_Custom_connector_weighting":{"runAfter":{"[int]CustomConnector":["Succeeded"]},"cases":{"Case_-_Custom_connector_-_Yes_":{"case":"Yes","actions":{"Set_variable_-_Custom_connector_-_10":{"runAfter":{},"type":"SetVariable","inputs":{"name":"vCustomConnector","value":10}}}}},"default":{"actions":{"Set_variable_-_Custom_connector_-_0":{"runAfter":{},"type":"SetVariable","inputs":{"name":"vCustomConnector","value":0}}}},"expression":"@triggerBody()['text_5']","type":"Switch"},"[int]CustomConnector":{"runAfter":{"[int]ThirdPartyConnector":["Succeeded"]},"type":"InitializeVariable","inputs":{"variables":[{"name":"vCustomConnector","type":"integer"}]}},"[string]Recommendation":{"runAfter":{},"type":"InitializeVariable","inputs":{"variables":[{"name":"strRecommendation","type":"string"}]}},"(Compose)_-_Calculate_total":{"runAfter":{"Switch_-_Audience_size_weighting":["Succeeded"],"Switch_-_Data_access_frequency_weighting":["Succeeded"],"Switch_-_Data_size_weighting":["Succeeded"],"Switch_-_Data_exclusivity_weighting":["Succeeded"],"Switch_-_Third_party_connector_weighting":["Succeeded"],"Switch_-_Custom_connector_weighting":["Succeeded"]},"type":"Compose","inputs":"@add(variables('vAudienceWeight'),add(variables('vDataAccessFrequency'),add(variables('vDataSize'),add(variables('vDataExclusivity'),add(variables('vThirdPartyConnector'),variables('vCustomConnector'))))))"},"Condition_-_Is_total_score_less_than_10":{"actions":{"Set_variable_-_strRecommendation_-_Default_environment":{"runAfter":{},"type":"SetVariable","inputs":{"name":"strRecommendation","value":"\"Personal productivity/ default\""}}},"runAfter":{"(Compose)_-_Calculate_total":["Succeeded"]},"else":{"actions":{"Condition_-_Is_score_greater_than_10":{"actions":{"Set_variable_-_strRecommendation_-_Power_user_or_Pro_developer":{"runAfter":{},"type":"SetVariable","inputs":{"name":"strRecommendation","value":"\"Power user or Pro developer\""}}},"runAfter":{},"expression":{"greaterOrEquals":["@outputs('(Compose)_-_Calculate_total')",10]},"type":"If"}}},"expression":{"less":["@outputs('(Compose)_-_Calculate_total')",10]},"type":"If"},"Return_value(s)_to_Power_Virtual_Agents":{"runAfter":{"Condition_-_Is_total_score_less_than_10":["Succeeded"]},"type":"Response","kind":"VirtualAgent","inputs":{"statusCode":200,"body":{"returnvalue":"@variables('strRecommendation')"},"schema":{"type":"object","properties":{"returnvalue":{"title":"returnValue","x-ms-dynamically-added":true,"type":"string"}}}}}},"outputs":{}}},"schemaVersion":"1.0.0.0"}