{"properties":{"connectionReferences":{"shared_powerappsforappmakers":{"runtimeSource":"invoker","connection":{"connectionReferenceLogicalName":"admin_PowerAppsforMakersCoEConnection"},"api":{"name":"shared_powerappsforappmakers"}},"shared_teams":{"runtimeSource":"invoker","connection":{"connectionReferenceLogicalName":"crf70_sharedteams_19385"},"api":{"name":"shared_teams"}},"shared_azuread":{"runtimeSource":"invoker","connection":{"connectionReferenceLogicalName":"crf70_sharedazuread_a10f1"},"api":{"name":"shared_azuread"}}},"definition":{"$schema":"https://schema.management.azure.com/providers/Microsoft.Logic/schemas/2016-06-01/workflowdefinition.json#","contentVersion":"1.0.0.0","parameters":{"$connections":{"defaultValue":{},"type":"Object"},"$authentication":{"defaultValue":{},"type":"SecureObject"}},"triggers":{"manual":{"type":"Request","kind":"PowerAppV2","inputs":{"schema":{"type":"object","properties":{"text":{"title":"AppId","type":"string","x-ms-dynamically-added":true,"description":"Please enter your input","x-ms-content-hint":"TEXT"},"text_1":{"title":"UpdateText","type":"string","x-ms-dynamically-added":true,"description":"Please enter your input","x-ms-content-hint":"TEXT"}},"required":["text","text_1"]}}}},"actions":{"Get_App":{"runAfter":{},"type":"OpenApiConnection","inputs":{"host":{"connectionName":"shared_powerappsforappmakers","operationId":"Get-App","apiId":"/providers/Microsoft.PowerApps/apis/shared_powerappsforappmakers"},"parameters":{"app":"@triggerBody()['text']","api-version":"2016-11-01"},"authentication":"@parameters('$authentication')"}},"Get_App_Role_Assignments":{"runAfter":{"Get_App":["Succeeded"]},"type":"OpenApiConnection","inputs":{"host":{"connectionName":"shared_powerappsforappmakers","operationId":"Get-AppRoleAssignment","apiId":"/providers/Microsoft.PowerApps/apis/shared_powerappsforappmakers"},"parameters":{"app":"@outputs('Get_App')?['body/name']","api-version":"2017-06-01","$top":250},"authentication":"@parameters('$authentication')"}},"Apply_to_each":{"foreach":"@outputs('Get_App_Role_Assignments')?['body/value']","actions":{"Switch":{"runAfter":{},"cases":{"Case_-_User":{"case":"User","actions":{"Post_your_own_adaptive_card_as_the_Flow_bot_to_a_user":{"runAfter":{},"type":"OpenApiConnection","inputs":{"host":{"connectionName":"shared_teams","operationId":"PostUserAdaptiveCard","apiId":"/providers/Microsoft.PowerApps/apis/shared_teams"},"parameters":{"PostAdaptiveCardRequest/recipient/to":"@{items('Apply_to_each')?['properties/principal/email']};","PostAdaptiveCardRequest/messageBody":"{\n    \"type\": \"AdaptiveCard\",\n    \"$schema\": \"http://adaptivecards.io/schemas/adaptive-card.json\",\n    \"version\": \"1.2\",\n    \"body\": [\n        {\n            \"type\": \"TextBlock\",\n            \"wrap\": true,\n            \"text\": \"Update\",\n            \"size\": \"Large\",\n            \"weight\": \"Bolder\",\n            \"color\": \"Accent\"\n        },\n        {\n            \"type\": \"Container\",\n            \"items\": [\n                {\n                    \"type\": \"ColumnSet\",\n                    \"columns\": [\n                        {\n                            \"type\": \"Column\",\n                            \"width\": \"stretch\",\n                            \"items\": [\n                                {\n                                    \"type\": \"TextBlock\",\n                                    \"text\": \"This update applies to:\",\n                                    \"wrap\": true\n                                }\n                            ]\n                        },\n                        {\n                            \"type\": \"Column\",\n                            \"width\": \"stretch\",\n                            \"items\": [\n                                {\n                                    \"type\": \"TextBlock\",\n                                    \"text\": \"@{outputs('Get_App')?['body/properties/displayName']}\",\n                                    \"wrap\": true\n                                }\n                            ]\n                        }\n                    ]\n                }\n            ]\n        },\n        {\n            \"type\": \"Container\",\n            \"items\": [\n                {\n                    \"type\": \"Container\"\n                },\n                {\n                    \"type\": \"TextBlock\",\n                    \"text\": \"As a user of this app , you are receiving this notification to let you know that a new version has been released.  Below is a summary containing the new features and improvements that this version offers!\",\n                    \"wrap\": true\n                },\n                {\n                    \"type\": \"TextBlock\",\n                    \"text\": \"What's New\",\n                    \"wrap\": true,\n                    \"size\": \"Large\",\n                    \"weight\": \"Bolder\",\n                    \"color\": \"Accent\"\n                }\n            ]\n        },\n        {\n            \"type\": \"TextBlock\",\n            \"text\": \"@{triggerBody()['text_1']}\",\n            \"wrap\": true\n        },\n        {\n            \"type\": \"Container\",\n            \"items\": [\n                {\n                    \"type\": \"ActionSet\",\n                    \"actions\": [\n                        {\n                            \"type\": \"Action.OpenUrl\",\n                            \"title\": \"Launch app!\",\n                            \"url\": \"@{outputs('Get_App')?['body/properties/appOpenUri']}\"\n                        }\n                    ]\n                }\n            ]\n        }\n    ]\n}","PostAdaptiveCardRequest/messageTitle":"New Power App version!"},"authentication":"@parameters('$authentication')"}}}},"Case_-_Group":{"case":"Group","actions":{"Get_group_members":{"runAfter":{},"type":"OpenApiConnection","inputs":{"host":{"connectionName":"shared_azuread","operationId":"GetGroupMembers","apiId":"/providers/Microsoft.PowerApps/apis/shared_azuread"},"parameters":{"id":"@items('Apply_to_each')?['properties/principal/id']"},"authentication":"@parameters('$authentication')"}},"Apply_to_each_2":{"foreach":"@outputs('Get_group_members')?['body/value']","actions":{"Post_your_own_adaptive_card_as_the_Flow_bot_to_a_user_2":{"runAfter":{},"type":"OpenApiConnection","inputs":{"host":{"connectionName":"shared_teams","operationId":"PostUserAdaptiveCard","apiId":"/providers/Microsoft.PowerApps/apis/shared_teams"},"parameters":{"PostAdaptiveCardRequest/recipient/to":"@{items('Apply_to_each_2')?['mail']};","PostAdaptiveCardRequest/messageBody":"{\n    \"type\": \"AdaptiveCard\",\n    \"$schema\": \"http://adaptivecards.io/schemas/adaptive-card.json\",\n    \"version\": \"1.2\",\n    \"body\": [\n        {\n            \"type\": \"TextBlock\",\n            \"wrap\": true,\n            \"text\": \"Update\",\n            \"size\": \"Large\",\n            \"weight\": \"Bolder\",\n            \"color\": \"Accent\"\n        },\n        {\n            \"type\": \"Container\",\n            \"items\": [\n                {\n                    \"type\": \"ColumnSet\",\n                    \"columns\": [\n                        {\n                            \"type\": \"Column\",\n                            \"width\": \"stretch\",\n                            \"items\": [\n                                {\n                                    \"type\": \"TextBlock\",\n                                    \"text\": \"This update applies to:\",\n                                    \"wrap\": true\n                                }\n                            ]\n                        },\n                        {\n                            \"type\": \"Column\",\n                            \"width\": \"stretch\",\n                            \"items\": [\n                                {\n                                    \"type\": \"TextBlock\",\n                                    \"text\": \"@{outputs('Get_App')?['body/properties/displayName']}\",\n                                    \"wrap\": true\n                                }\n                            ]\n                        }\n                    ]\n                }\n            ]\n        },\n        {\n            \"type\": \"Container\",\n            \"items\": [\n                {\n                    \"type\": \"Container\"\n                },\n                {\n                    \"type\": \"TextBlock\",\n                    \"text\": \"As a user of this app , you are receiving this notification to let you know that a new version has been released.  Below is a summary containing the new features and improvements that this version offers!\",\n                    \"wrap\": true\n                },\n                {\n                    \"type\": \"TextBlock\",\n                    \"text\": \"What's New\",\n                    \"wrap\": true,\n                    \"size\": \"Large\",\n                    \"weight\": \"Bolder\",\n                    \"color\": \"Accent\"\n                }\n            ]\n        },\n        {\n            \"type\": \"TextBlock\",\n            \"text\": \"@{triggerBody()['text_1']}\",\n            \"wrap\": true\n        },\n        {\n            \"type\": \"Container\",\n            \"items\": [\n                {\n                    \"type\": \"ActionSet\",\n                    \"actions\": [\n                        {\n                            \"type\": \"Action.OpenUrl\",\n                            \"title\": \"Launch app!\",\n                            \"url\": \"@{outputs('Get_App')?['body/properties/appOpenUri']}\"\n                        }\n                    ]\n                }\n            ]\n        }\n    ]\n}","PostAdaptiveCardRequest/messageTitle":"New Power App version!"},"authentication":"@parameters('$authentication')"}}},"runAfter":{"Get_group_members":["Succeeded"]},"type":"Foreach"}}}},"default":{"actions":{}},"expression":"@items('Apply_to_each')?['properties/principal/type']","type":"Switch"}},"runAfter":{"Get_App_Role_Assignments":["Succeeded"]},"type":"Foreach"}},"outputs":{}}},"schemaVersion":"1.0.0.0"}